home_team,away_team,home_team_prob,odds_1,odds_2,result,date,accuracy,result_raw,game_date,pred_home_win_proba,closing_home_odds,closing_away_odds,home_team_won,home_win_rate,iso_proba_home_win
SAS,MIN,0.5933550970210403,1.42,2.95,0,2026-01-17,0.0,0,2026-01-17,0.5933550970210403,1.42,2.95,,0.56,0.6460176991150443
POR,LAL,0.5110063240666811,1.65,2.3,0,2026-01-17,0.0,0,2026-01-17,0.5110063240666811,1.65,2.3,,0.62,0.47701149425287354
NYK,PHO,0.4062728124093717,1.59,2.42,0,2026-01-17,0.0,0,2026-01-17,0.4062728124093717,1.59,2.42,,0.5,0.4307692307692308
MIA,OKC,0.4364626215918478,4.4,1.23,0,2026-01-17,0.0,0,2026-01-17,0.4364626215918478,4.4,1.23,,0.4,0.4307692307692308
GSW,CHO,0.5435084508772369,1.36,3.25,0,2026-01-17,0.0,0,2026-01-17,0.5435084508772369,1.36,3.25,,0.69,0.47701149425287354
DET,IND,0.648827810767519,1.14,6.0,0,2026-01-17,0.0,0,2026-01-17,0.648827810767519,1.14,6.0,,0.73,0.6460176991150443
DEN,WAS,0.5872593825836531,1.15,5.7,0,2026-01-17,0.0,0,2026-01-17,0.5872593825836531,1.15,5.7,,0.67,0.6460176991150443
DAL,UTA,0.5304086692478349,1.62,2.36,0,2026-01-17,0.0,0,2026-01-17,0.5304086692478349,1.62,2.36,,0.7,0.47701149425287354
ATL,BOS,0.4667897489038531,2.36,1.62,0,2026-01-17,0.0,0,2026-01-17,0.4667897489038531,2.36,1.62,,0.33,0.47701149425287354
SAC,WAS,0.3844485379596853,1.37,3.2,SAC,2026-01-16,0.0,SAC,2026-01-16,0.3844485379596853,1.37,3.2,1.0,0.5,0.4307692307692308
TOR,LAC,0.4914583437531902,2.05,1.8,LAC,2026-01-16,1.0,LAC,2026-01-16,0.4914583437531902,2.05,1.8,0.0,0.42,0.47701149425287354
BRK,CHI,0.2798137238992225,1.8,2.05,BRK,2026-01-16,0.0,BRK,2026-01-16,0.2798137238992225,1.8,2.05,1.0,0.5,0.3181818181818182
HOU,MIN,0.5991149469438325,1.56,2.5,HOU,2026-01-16,1.0,HOU,2026-01-16,0.5991149469438325,1.56,2.5,1.0,0.86,0.6460176991150443
IND,NOP,0.4879714874854292,1.59,2.42,IND,2026-01-16,0.0,IND,2026-01-16,0.4879714874854292,1.59,2.42,1.0,0.33,0.47701149425287354
PHI,CLE,0.5704755763813759,1.7,2.2,CLE,2026-01-16,0.0,CLE,2026-01-16,0.5704755763813759,1.7,2.2,0.0,0.44,0.6
GSW,NYK,0.6228020179151444,1.4,3.05,GSW,2026-01-15,1.0,GSW,2026-01-15,0.6228020179151444,1.4,3.05,1.0,0.69,0.6460176991150443
HOU,OKC,0.5369616545424593,2.64,1.51,OKC,2026-01-15,0.0,OKC,2026-01-15,0.5369616545424593,2.64,1.51,0.0,0.86,0.47701149425287354
SAS,MIL,0.4055834725309643,1.34,3.35,SAS,2026-01-15,0.0,SAS,2026-01-15,0.4055834725309643,1.34,3.35,1.0,0.56,0.4307692307692308
ORL,MEM,0.5974978553549952,1.43,2.9,ORL,2026-01-15,1.0,ORL,2026-01-15,0.5974978553549952,1.43,2.9,1.0,0.6,0.6460176991150443
POR,ATL,0.5432507690412679,2.4,1.6,POR,2026-01-15,1.0,POR,2026-01-15,0.5432507690412679,2.4,1.6,1.0,0.62,0.47701149425287354
DAL,UTA,0.4107875873273174,1.7,2.2,DAL,2026-01-15,0.0,DAL,2026-01-15,0.4107875873273174,1.7,2.2,1.0,0.7,0.4307692307692308
DET,PHO,0.5962413289042435,1.35,3.3,DET,2026-01-15,1.0,DET,2026-01-15,0.5962413289042435,1.35,3.3,1.0,0.73,0.6460176991150443
MIA,BOS,0.4944659509359115,2.24,1.68,BOS,2026-01-15,1.0,BOS,2026-01-15,0.4944659509359115,2.24,1.68,0.0,0.4,0.47701149425287354
LAL,CHO,0.670522081435954,1.56,2.5,CHO,2026-01-15,0.0,CHO,2026-01-15,0.670522081435954,1.56,2.5,0.0,0.4,0.6885245901639344
IND,TOR,0.4957492551270722,2.14,1.74,TOR,2026-01-14,1.0,TOR,2026-01-14,0.4957492551270722,2.14,1.74,0.0,0.33,0.47701149425287354
LAC,WAS,0.6892687843888079,1.15,5.9,LAC,2026-01-14,1.0,LAC,2026-01-14,0.6892687843888079,1.15,5.9,1.0,0.8,0.7142857142857143
DAL,DEN,0.391469161201273,1.82,2.02,DEN,2026-01-14,1.0,DEN,2026-01-14,0.391469161201273,1.82,2.02,0.0,0.7,0.4307692307692308
NOP,BRK,0.4249656281749272,2.1,1.77,NOP,2026-01-14,0.0,NOP,2026-01-14,0.4249656281749272,2.1,1.77,1.0,0.42,0.4307692307692308
CHI,UTA,0.3773716076207121,1.56,2.5,CHI,2026-01-14,0.0,CHI,2026-01-14,0.3773716076207121,1.56,2.5,1.0,0.5,0.4307692307692308
PHI,CLE,0.7064706546389082,1.87,1.95,CLE,2026-01-14,0.0,CLE,2026-01-14,0.7064706546389082,1.87,1.95,0.0,0.44,0.7142857142857143
SAC,NYK,0.3505544888281816,4.8,1.2,SAC,2026-01-14,0.0,SAC,2026-01-14,0.3505544888281816,4.8,1.2,1.0,0.5,0.3333333333333333
LAL,ATL,0.6713112546211288,2.2,1.7,LAL,2026-01-13,1.0,LAL,2026-01-13,0.6713112546211288,2.2,1.7,1.0,0.4,0.6885245901639344
MIA,PHO,0.4577259306013257,1.87,1.95,MIA,2026-01-13,0.0,MIA,2026-01-13,0.4577259306013257,1.87,1.95,1.0,0.4,0.47701149425287354
HOU,CHI,0.6905142309709209,1.17,5.4,HOU,2026-01-13,1.0,HOU,2026-01-13,0.6905142309709209,1.17,5.4,1.0,0.86,0.7142857142857143
GSW,POR,0.625130988298508,1.23,4.4,GSW,2026-01-13,1.0,GSW,2026-01-13,0.625130988298508,1.23,4.4,1.0,0.69,0.6460176991150443
MIL,MIN,0.6505288596784253,1.68,2.24,MIN,2026-01-13,0.0,MIN,2026-01-13,0.6505288596784253,1.68,2.24,0.0,0.43,0.6460176991150443
NOP,DEN,0.4510095729330178,2.05,1.8,DEN,2026-01-13,1.0,DEN,2026-01-13,0.4510095729330178,2.05,1.8,0.0,0.42,0.47701149425287354
OKC,SAS,0.6996349255260431,1.29,3.7,OKC,2026-01-13,1.0,OKC,2026-01-13,0.6996349255260431,1.29,3.7,1.0,0.69,0.7142857142857143
CLE,UTA,0.6769057124984172,1.14,6.0,UTA,2026-01-12,0.0,UTA,2026-01-12,0.6769057124984172,1.14,6.0,0.0,0.5,0.6885245901639344
TOR,PHI,0.5860632624198406,2.3,1.65,PHI,2026-01-12,0.0,PHI,2026-01-12,0.5860632624198406,2.3,1.65,0.0,0.42,0.6
IND,BOS,0.5853434208632223,2.85,1.44,IND,2026-01-12,1.0,IND,2026-01-12,0.5853434208632223,2.85,1.44,1.0,0.33,0.6
DAL,BRK,0.4482472186654126,1.62,2.36,DAL,2026-01-12,0.0,DAL,2026-01-12,0.4482472186654126,1.62,2.36,1.0,0.7,0.47701149425287354
SAC,LAL,0.3030865433753891,4.0,1.26,SAC,2026-01-12,0.0,SAC,2026-01-12,0.3030865433753891,4.0,1.26,1.0,0.5,0.3181818181818182
LAC,CHO,0.439464281732815,1.52,2.6,LAC,2026-01-12,0.0,LAC,2026-01-12,0.439464281732815,1.52,2.6,1.0,0.8,0.47701149425287354
MEM,BRK,0.5475173366887672,1.36,3.25,MEM,2026-01-11,1.0,MEM,2026-01-11,0.5475173366887672,1.36,3.25,1.0,0.5,0.47701149425287354
OKC,MIA,0.7282701017450532,1.12,6.5,OKC,2026-01-11,1.0,OKC,2026-01-11,0.7282701017450532,1.12,6.5,1.0,0.69,0.825
PHO,WAS,0.7361129763061817,1.12,6.5,PHO,2026-01-11,1.0,PHO,2026-01-11,0.7361129763061817,1.12,6.5,1.0,0.86,0.825
POR,NYK,0.6174432143720677,2.6,1.52,NYK,2026-01-11,0.0,NYK,2026-01-11,0.6174432143720677,2.6,1.52,0.0,0.62,0.6460176991150443
GSW,ATL,0.6423893361901992,1.46,2.8,ATL,2026-01-11,0.0,ATL,2026-01-11,0.6423893361901992,1.46,2.8,0.0,0.69,0.6460176991150443
SAC,HOU,0.3217759941788336,5.7,1.15,SAC,2026-01-11,0.0,SAC,2026-01-11,0.3217759941788336,5.7,1.15,1.0,0.5,0.3333333333333333
TOR,PHI,0.6428520307844056,2.54,1.54,TOR,2026-01-11,1.0,TOR,2026-01-11,0.6428520307844056,2.54,1.54,1.0,0.42,0.6460176991150443
ORL,NOP,0.5366703668603217,1.39,3.1,ORL,2026-01-11,1.0,ORL,2026-01-11,0.5366703668603217,1.39,3.1,1.0,0.6,0.47701149425287354
DEN,MIL,0.5031058615687718,2.14,1.74,DEN,2026-01-11,1.0,DEN,2026-01-11,0.5031058615687718,2.14,1.74,1.0,0.67,0.47701149425287354
MIN,SAS,0.6539265318434804,1.7,2.2,MIN,2026-01-11,1.0,MIN,2026-01-11,0.6539265318434804,1.7,2.2,1.0,0.78,0.6885245901639344
UTA,CHO,0.4178226412268801,2.54,1.54,CHO,2026-01-10,1.0,CHO,2026-01-10,0.4178226412268801,2.54,1.54,0.0,0.33,0.4307692307692308
IND,MIA,0.470258158783129,3.3,1.35,IND,2026-01-10,0.0,IND,2026-01-10,0.470258158783129,3.3,1.35,1.0,0.33,0.47701149425287354
CLE,MIN,0.621974270115102,1.7,2.2,CLE,2026-01-10,1.0,CLE,2026-01-10,0.621974270115102,1.7,2.2,1.0,0.5,0.6460176991150443
DET,LAC,0.637491090465814,1.51,2.64,LAC,2026-01-10,0.0,LAC,2026-01-10,0.637491090465814,1.51,2.64,0.0,0.73,0.6460176991150443
CHI,DAL,0.3811653539700926,1.68,2.24,CHI,2026-01-10,0.0,CHI,2026-01-10,0.3811653539700926,1.68,2.24,1.0,0.5,0.4307692307692308
BOS,SAS,0.6608771232919017,1.98,1.85,SAS,2026-01-10,0.0,SAS,2026-01-10,0.6608771232919017,1.98,1.85,0.0,0.62,0.6885245901639344
BRK,LAC,0.4596808834503605,2.64,1.51,LAC,2026-01-09,1.0,LAC,2026-01-09,0.4596808834503605,2.64,1.51,0.0,0.5,0.47701149425287354
MEM,OKC,0.3664680800512817,2.8,1.46,OKC,2026-01-09,1.0,OKC,2026-01-09,0.3664680800512817,2.8,1.46,0.0,0.5,0.3333333333333333
LAL,MIL,0.5296896031105625,1.65,2.3,MIL,2026-01-09,0.0,MIL,2026-01-09,0.5296896031105625,1.65,2.3,0.0,0.4,0.47701149425287354
ORL,PHI,0.4577676328173523,2.3,1.65,PHI,2026-01-09,1.0,PHI,2026-01-09,0.4577676328173523,2.3,1.65,0.0,0.6,0.47701149425287354
DEN,ATL,0.5474878245923759,2.02,1.82,ATL,2026-01-09,0.0,ATL,2026-01-09,0.5474878245923759,2.02,1.82,0.0,0.67,0.47701149425287354
BOS,TOR,0.7189119091481779,1.23,4.4,BOS,2026-01-09,1.0,BOS,2026-01-09,0.7189119091481779,1.23,4.4,1.0,0.62,0.7142857142857143
POR,HOU,0.5049763251584368,3.0,1.41,POR,2026-01-09,1.0,POR,2026-01-09,0.5049763251584368,3.0,1.41,1.0,0.62,0.47701149425287354
WAS,NOP,0.5131237498621448,2.2,1.7,NOP,2026-01-09,0.0,NOP,2026-01-09,0.5131237498621448,2.2,1.7,0.0,0.4,0.47701149425287354
PHO,NYK,0.6591690742870373,1.98,1.85,PHO,2026-01-09,1.0,PHO,2026-01-09,0.6591690742870373,1.98,1.85,1.0,0.86,0.6885245901639344
GSW,SAC,0.6239644410416928,1.13,6.25,GSW,2026-01-09,1.0,GSW,2026-01-09,0.6239644410416928,1.13,6.25,1.0,0.69,0.6460176991150443
CHO,IND,0.600928022277749,1.56,2.5,IND,2026-01-08,0.0,IND,2026-01-08,0.600928022277749,1.56,2.5,0.0,0.25,0.6460176991150443
MIN,CLE,0.705668728118653,1.8,2.05,MIN,2026-01-08,1.0,MIN,2026-01-08,0.705668728118653,1.8,2.05,1.0,0.78,0.7142857142857143
UTA,DAL,0.5193399852388226,2.9,1.43,UTA,2026-01-08,1.0,UTA,2026-01-08,0.5193399852388226,2.9,1.43,1.0,0.33,0.47701149425287354
CHI,MIA,0.5354143728875641,3.2,1.37,0,2026-01-08,0.0,0,2026-01-08,0.5354143728875641,3.2,1.37,,0.5,0.47701149425287354
ATL,NOP,0.4105546075906678,1.23,4.4,ATL,2026-01-07,0.0,ATL,2026-01-07,0.4105546075906678,1.23,4.4,1.0,0.33,0.4307692307692308
BOS,DEN,0.7561656647836603,1.26,4.0,DEN,2026-01-07,0.0,DEN,2026-01-07,0.7561656647836603,1.26,4.0,0.0,0.62,0.825
NYK,LAC,0.573384360750434,1.54,2.54,NYK,2026-01-07,1.0,NYK,2026-01-07,0.573384360750434,1.54,2.54,1.0,0.5,0.6
POR,HOU,0.6010729858965135,3.15,1.38,POR,2026-01-07,1.0,POR,2026-01-07,0.6010729858965135,3.15,1.38,1.0,0.62,0.6460176991150443
MEM,PHO,0.5021746104323312,2.8,1.46,PHO,2026-01-07,0.0,PHO,2026-01-07,0.5021746104323312,2.8,1.46,0.0,0.5,0.47701149425287354
OKC,UTA,0.7916319983820829,1.08,8.5,OKC,2026-01-07,1.0,OKC,2026-01-07,0.7916319983820829,1.08,8.5,1.0,0.69,1.0
PHI,WAS,0.6769804219202518,1.14,6.0,PHI,2026-01-07,1.0,PHI,2026-01-07,0.6769804219202518,1.14,6.0,1.0,0.44,0.6885245901639344
GSW,MIL,0.6231598799776962,1.43,2.9,GSW,2026-01-07,1.0,GSW,2026-01-07,0.6231598799776962,1.43,2.9,1.0,0.69,0.6460176991150443
DET,CHI,0.6778283321160116,1.24,4.2,DET,2026-01-07,1.0,DET,2026-01-07,0.6778283321160116,1.24,4.2,1.0,0.73,0.6885245901639344
BRK,ORL,0.6153606353418279,2.1,1.77,ORL,2026-01-07,0.0,ORL,2026-01-07,0.6153606353418279,2.1,1.77,0.0,0.5,0.6460176991150443
SAS,LAL,0.6684943010764368,1.41,3.0,SAS,2026-01-07,1.0,SAS,2026-01-07,0.6684943010764368,1.41,3.0,1.0,0.56,0.6885245901639344
CHO,TOR,0.5304659414926364,2.1,1.77,TOR,2026-01-07,0.0,TOR,2026-01-07,0.5304659414926364,2.1,1.77,0.0,0.25,0.47701149425287354
MIN,MIA,0.6742348557999109,1.46,2.8,MIN,2026-01-06,1.0,MIN,2026-01-06,0.6742348557999109,1.46,2.8,1.0,0.78,0.6885245901639344
NOP,LAL,0.3524277031630957,2.85,1.44,LAL,2026-01-06,1.0,LAL,2026-01-06,0.3524277031630957,2.85,1.44,0.0,0.42,0.3333333333333333
WAS,ORL,0.3851722477806105,3.25,1.36,WAS,2026-01-06,0.0,WAS,2026-01-06,0.3851722477806105,3.25,1.36,1.0,0.4,0.4307692307692308
SAC,DAL,0.3500187786650042,2.8,1.46,DAL,2026-01-06,1.0,DAL,2026-01-06,0.3500187786650042,2.8,1.46,0.0,0.5,0.3333333333333333
IND,CLE,0.4187051293893458,2.8,1.46,CLE,2026-01-06,1.0,CLE,2026-01-06,0.4187051293893458,2.8,1.46,0.0,0.33,0.4307692307692308
MEM,SAS,0.5078559421468926,2.9,1.43,MEM,2026-01-06,1.0,MEM,2026-01-06,0.5078559421468926,2.9,1.43,1.0,0.5,0.47701149425287354
LAC,GSW,0.5835816562958499,1.83,2.0,LAC,2026-01-05,1.0,LAC,2026-01-05,0.5835816562958499,1.83,2.0,1.0,0.8,0.6
BOS,CHI,0.6815712799740434,1.19,4.9,BOS,2026-01-05,1.0,BOS,2026-01-05,0.6815712799740434,1.19,4.9,1.0,0.62,0.6885245901639344
HOU,PHO,0.6086552337953691,1.31,3.6,HOU,2026-01-05,1.0,HOU,2026-01-05,0.6086552337953691,1.31,3.6,1.0,0.86,0.6460176991150443
TOR,ATL,0.671663023525516,1.62,2.36,TOR,2026-01-05,1.0,TOR,2026-01-05,0.671663023525516,1.62,2.36,1.0,0.42,0.6885245901639344
PHI,DEN,0.5928963086528374,1.17,5.4,DEN,2026-01-05,0.0,DEN,2026-01-05,0.5928963086528374,1.17,5.4,0.0,0.44,0.6460176991150443
OKC,CHO,0.6399256028217224,1.09,8.0,CHO,2026-01-05,0.0,CHO,2026-01-05,0.6399256028217224,1.09,8.0,0.0,0.69,0.6460176991150443
POR,UTA,0.4748364818479348,1.42,2.95,POR,2026-01-05,0.0,POR,2026-01-05,0.4748364818479348,1.42,2.95,1.0,0.62,0.47701149425287354
DET,NYK,0.6648670356899954,2.3,1.65,DET,2026-01-05,1.0,DET,2026-01-05,0.6648670356899954,2.3,1.65,1.0,0.73,0.6885245901639344
CLE,DET,0.6167316425530743,1.51,2.64,DET,2026-01-04,0.0,DET,2026-01-04,0.6167316425530743,1.51,2.64,0.0,0.5,0.6460176991150443
PHO,OKC,0.574039585475278,4.1,1.25,PHO,2026-01-04,1.0,PHO,2026-01-04,0.574039585475278,4.1,1.25,1.0,0.86,0.6
WAS,MIN,0.4098726657555061,4.5,1.22,MIN,2026-01-04,1.0,MIN,2026-01-04,0.4098726657555061,4.5,1.22,0.0,0.4,0.4307692307692308
BRK,DEN,0.5630168191575472,2.24,1.68,BRK,2026-01-04,1.0,BRK,2026-01-04,0.5630168191575472,2.24,1.68,1.0,0.5,0.6
MIA,NOP,0.4632010953016801,1.33,3.45,MIA,2026-01-04,0.0,MIA,2026-01-04,0.4632010953016801,1.33,3.45,1.0,0.4,0.47701149425287354
SAC,MIL,0.2722856766465579,3.05,1.4,MIL,2026-01-04,1.0,MIL,2026-01-04,0.2722856766465579,3.05,1.4,0.0,0.5,0.3181818181818182
ORL,IND,0.6554445735235361,1.41,3.0,ORL,2026-01-04,1.0,ORL,2026-01-04,0.6554445735235361,1.41,3.0,1.0,0.6,0.6885245901639344
LAL,MEM,0.5497868988224193,1.43,2.9,LAL,2026-01-04,1.0,LAL,2026-01-04,0.5497868988224193,1.43,2.9,1.0,0.4,0.47701149425287354
MIA,MIN,0.5748099870603376,2.24,1.68,MIN,2026-01-03,0.0,MIN,2026-01-03,0.5748099870603376,2.24,1.68,0.0,0.4,0.6
NYK,PHI,0.6327208062713386,1.65,2.3,PHI,2026-01-03,0.0,PHI,2026-01-03,0.6327208062713386,1.65,2.3,0.0,0.5,0.6460176991150443
LAC,BOS,0.6600072712201475,1.85,1.98,BOS,2026-01-03,0.0,BOS,2026-01-03,0.6600072712201475,1.85,1.98,0.0,0.8,0.6885245901639344
SAS,POR,0.6470023116326212,1.28,3.85,POR,2026-01-03,0.0,POR,2026-01-03,0.6470023116326212,1.28,3.85,0.0,0.56,0.6460176991150443
DAL,HOU,0.3334610324179232,3.7,1.29,DAL,2026-01-03,0.0,DAL,2026-01-03,0.3334610324179232,3.7,1.29,1.0,0.7,0.3333333333333333
CHI,CHO,0.497521874581029,1.8,2.05,CHO,2026-01-03,1.0,CHO,2026-01-03,0.497521874581029,1.8,2.05,0.0,0.5,0.47701149425287354
TOR,ATL,0.534588325892931,1.62,2.36,TOR,2026-01-03,1.0,TOR,2026-01-03,0.534588325892931,1.62,2.36,1.0,0.42,0.47701149425287354
GSW,UTA,0.6526015238568514,1.16,5.55,GSW,2026-01-03,1.0,GSW,2026-01-03,0.6526015238568514,1.16,5.55,1.0,0.69,0.6885245901639344
LAL,MEM,0.559111901413608,1.57,2.45,LAL,2026-01-02,1.0,LAL,2026-01-02,0.559111901413608,1.57,2.45,1.0,0.4,0.6
CHI,ORL,0.524876782829098,2.6,1.52,CHI,2026-01-02,1.0,CHI,2026-01-02,0.524876782829098,2.6,1.52,1.0,0.5,0.47701149425287354
PHO,SAC,0.6045375634437675,1.13,6.25,PHO,2026-01-02,1.0,PHO,2026-01-02,0.6045375634437675,1.13,6.25,1.0,0.86,0.6460176991150443
NYK,ATL,0.5547926338016184,1.32,3.5,ATL,2026-01-02,0.0,ATL,2026-01-02,0.5547926338016184,1.32,3.5,0.0,0.5,0.47701149425287354
MIL,CHO,0.5312622189147572,1.41,3.0,MIL,2026-01-02,1.0,MIL,2026-01-02,0.5312622189147572,1.41,3.0,1.0,0.43,0.47701149425287354
NOP,POR,0.5745498138169773,1.93,1.89,POR,2026-01-02,0.0,POR,2026-01-02,0.5745498138169773,1.93,1.89,0.0,0.42,0.6
CLE,DEN,0.6169363751627692,1.12,6.5,CLE,2026-01-02,1.0,CLE,2026-01-02,0.6169363751627692,1.12,6.5,1.0,0.5,0.6460176991150443
IND,SAS,0.4020721728994454,2.95,1.42,SAS,2026-01-02,1.0,SAS,2026-01-02,0.4020721728994454,2.95,1.42,0.0,0.33,0.4307692307692308
GSW,OKC,0.4728933142533146,4.0,1.26,OKC,2026-01-02,1.0,OKC,2026-01-02,0.4728933142533146,4.0,1.26,0.0,0.69,0.47701149425287354
WAS,BRK,0.471617524805523,1.98,1.85,WAS,2026-01-02,0.0,WAS,2026-01-02,0.471617524805523,1.98,1.85,1.0,0.4,0.47701149425287354
LAC,UTA,0.7704206845014344,1.15,5.9,LAC,2026-01-01,1.0,LAC,2026-01-01,0.7704206845014344,1.15,5.9,1.0,0.8,0.825
SAC,BOS,0.3415741149364661,4.2,1.24,BOS,2026-01-01,1.0,BOS,2026-01-01,0.3415741149364661,4.2,1.24,0.0,0.5,0.3333333333333333
BRK,HOU,0.7042342510126421,5.0,1.19,HOU,2026-01-01,0.0,HOU,2026-01-01,0.7042342510126421,5.0,1.19,0.0,0.5,0.7142857142857143
DAL,PHI,0.4803724870421181,2.14,1.74,PHI,2026-01-01,1.0,PHI,2026-01-01,0.4803724870421181,2.14,1.74,0.0,0.7,0.47701149425287354
DET,MIA,0.4422385072029466,1.51,2.64,MIA,2026-01-01,1.0,MIA,2026-01-01,0.4422385072029466,1.51,2.64,0.0,0.73,0.47701149425287354
IND,ORL,0.5247141102217976,2.4,1.6,ORL,2025-12-31,0.0,ORL,2025-12-31,0.5247141102217976,2.4,1.6,0.0,0.33,0.47701149425287354
SAS,NYK,0.6066725907181034,1.82,2.02,SAS,2025-12-31,1.0,SAS,2025-12-31,0.6066725907181034,1.82,2.02,1.0,0.56,0.6460176991150443
OKC,POR,0.709291445411883,1.08,8.5,OKC,2025-12-31,1.0,OKC,2025-12-31,0.709291445411883,1.08,8.5,1.0,0.69,0.7142857142857143
ATL,MIN,0.2921247752644692,2.7,1.49,ATL,2025-12-31,0.0,ATL,2025-12-31,0.2921247752644692,2.7,1.49,1.0,0.33,0.3181818181818182
TOR,DEN,0.420570149069463,1.39,3.1,DEN,2025-12-31,1.0,DEN,2025-12-31,0.420570149069463,1.39,3.1,0.0,0.42,0.4307692307692308
CHI,NOP,0.5189050204049604,1.85,1.98,CHI,2025-12-31,1.0,CHI,2025-12-31,0.5189050204049604,1.85,1.98,1.0,0.5,0.47701149425287354
CHO,GSW,0.4309506041046256,3.0,1.41,GSW,2025-12-31,1.0,GSW,2025-12-31,0.4309506041046256,3.0,1.41,0.0,0.25,0.4307692307692308
CLE,PHO,0.4035159584925781,1.42,2.95,CLE,2025-12-31,0.0,CLE,2025-12-31,0.4035159584925781,1.42,2.95,1.0,0.5,0.4307692307692308
MIL,WAS,0.563859305990741,1.18,5.1,WAS,2025-12-31,0.0,WAS,2025-12-31,0.563859305990741,1.18,5.1,0.0,0.43,0.6
UTA,BOS,0.4905974079203489,3.4,1.34,BOS,2025-12-30,1.0,BOS,2025-12-30,0.4905974079203489,3.4,1.34,0.0,0.33,0.47701149425287354
LAC,SAC,0.6992452868250728,1.24,4.3,LAC,2025-12-30,1.0,LAC,2025-12-30,0.6992452868250728,1.24,4.3,1.0,0.8,0.7142857142857143
MEM,PHI,0.6851252838799331,1.95,1.87,PHI,2025-12-30,0.0,PHI,2025-12-30,0.6851252838799331,1.95,1.87,0.0,0.5,0.6885245901639344
LAL,DET,0.5986010569837851,2.24,1.68,DET,2025-12-30,0.0,DET,2025-12-30,0.5986010569837851,2.24,1.68,0.0,0.4,0.6460176991150443
TOR,ORL,0.4755779788406973,2.02,1.82,TOR,2025-12-29,0.0,TOR,2025-12-29,0.4755779788406973,2.02,1.82,1.0,0.42,0.47701149425287354
WAS,PHO,0.500091152787734,4.8,1.2,PHO,2025-12-29,0.0,PHO,2025-12-29,0.500091152787734,4.8,1.2,0.0,0.4,0.47701149425287354
NOP,NYK,0.4006360355062581,3.85,1.28,NYK,2025-12-29,1.0,NYK,2025-12-29,0.4006360355062581,3.85,1.28,0.0,0.42,0.4307692307692308
SAS,CLE,0.7165933640697243,1.74,2.14,CLE,2025-12-29,0.0,CLE,2025-12-29,0.7165933640697243,1.74,2.14,0.0,0.56,0.7142857142857143
CHI,MIN,0.3762986649716293,2.95,1.42,MIN,2025-12-29,1.0,MIN,2025-12-29,0.3762986649716293,2.95,1.42,0.0,0.5,0.4307692307692308
MIA,DEN,0.4711590057182661,2.14,1.74,MIA,2025-12-29,0.0,MIA,2025-12-29,0.4711590057182661,2.14,1.74,1.0,0.4,0.47701149425287354
POR,DAL,0.440095981734379,1.74,2.14,POR,2025-12-29,0.0,POR,2025-12-29,0.440095981734379,1.74,2.14,1.0,0.62,0.47701149425287354
BRK,GSW,0.7126272264624147,2.5,1.56,GSW,2025-12-29,0.0,GSW,2025-12-29,0.7126272264624147,2.5,1.56,0.0,0.5,0.7142857142857143
OKC,ATL,0.7556120600138033,1.1,7.75,OKC,2025-12-29,1.0,OKC,2025-12-29,0.7556120600138033,1.1,7.75,1.0,0.69,0.825
HOU,IND,0.6730168001823373,1.1,7.5,HOU,2025-12-29,1.0,HOU,2025-12-29,0.6730168001823373,1.1,7.5,1.0,0.86,0.6885245901639344
CHO,MIL,0.4747708261691403,2.36,1.62,MIL,2025-12-29,1.0,MIL,2025-12-29,0.4747708261691403,2.36,1.62,0.0,0.25,0.47701149425287354
LAL,SAC,0.5591892701935385,1.15,5.7,LAL,2025-12-28,1.0,LAL,2025-12-28,0.5591892701935385,1.15,5.7,1.0,0.4,0.6
POR,BOS,0.3692644023784283,3.15,1.38,POR,2025-12-28,0.0,POR,2025-12-28,0.3692644023784283,3.15,1.38,1.0,0.62,0.3333333333333333
TOR,GSW,0.4532713200446184,2.54,1.54,TOR,2025-12-28,0.0,TOR,2025-12-28,0.4532713200446184,2.54,1.54,1.0,0.42,0.47701149425287354
OKC,PHI,0.7250377772394169,1.1,7.75,OKC,2025-12-28,1.0,OKC,2025-12-28,0.7250377772394169,1.1,7.75,1.0,0.69,0.825
LAC,DET,0.6640133555330131,2.36,1.62,LAC,2025-12-28,1.0,LAC,2025-12-28,0.6640133555330131,2.36,1.62,1.0,0.8,0.6885245901639344
WAS,MEM,0.2974250363677465,3.2,1.37,WAS,2025-12-28,0.0,WAS,2025-12-28,0.2974250363677465,3.2,1.37,1.0,0.4,0.3181818181818182
ORL,DEN,0.5163093292772963,2.6,1.52,ORL,2025-12-27,1.0,ORL,2025-12-27,0.5163093292772963,2.6,1.52,1.0,0.6,0.47701149425287354
MIN,BRK,0.6823484754956093,1.19,5.0,BRK,2025-12-27,0.0,BRK,2025-12-27,0.6823484754956093,1.19,5.0,0.0,0.78,0.6885245901639344
NOP,PHO,0.4849774003014638,2.7,1.49,PHO,2025-12-27,1.0,PHO,2025-12-27,0.4849774003014638,2.7,1.49,0.0,0.42,0.47701149425287354
SAC,DAL,0.498736963832273,2.3,1.65,SAC,2025-12-27,0.0,SAC,2025-12-27,0.498736963832273,2.3,1.65,1.0,0.5,0.47701149425287354
HOU,CLE,0.6275119716935952,1.57,2.45,HOU,2025-12-27,1.0,HOU,2025-12-27,0.6275119716935952,1.57,2.45,1.0,0.86,0.6460176991150443
CHI,MIL,0.5816222336173813,1.68,2.24,MIL,2025-12-27,0.0,MIL,2025-12-27,0.5816222336173813,1.68,2.24,0.0,0.5,0.6
ATL,NYK,0.473211430717079,3.05,1.4,NYK,2025-12-27,1.0,NYK,2025-12-27,0.473211430717079,3.05,1.4,0.0,0.33,0.47701149425287354
SAS,UTA,0.6059371721923307,1.08,8.5,UTA,2025-12-27,0.0,UTA,2025-12-27,0.6059371721923307,1.08,8.5,0.0,0.56,0.6460176991150443
MIA,IND,0.4508210615218815,1.28,3.85,MIA,2025-12-27,0.0,MIA,2025-12-27,0.4508210615218815,1.28,3.85,1.0,0.4,0.47701149425287354
ATL,MIA,0.6768547741071064,1.57,2.45,MIA,2025-12-26,0.0,MIA,2025-12-26,0.6768547741071064,1.57,2.45,0.0,0.33,0.6885245901639344
ORL,CHO,0.3988813914571564,1.39,3.1,CHO,2025-12-26,1.0,CHO,2025-12-26,0.3988813914571564,1.39,3.1,0.0,0.6,0.4307692307692308
CHI,PHI,0.5402678604713175,1.89,1.93,CHI,2025-12-26,1.0,CHI,2025-12-26,0.5402678604713175,1.89,1.93,1.0,0.5,0.47701149425287354
UTA,DET,0.3958008508792635,4.4,1.23,UTA,2025-12-26,0.0,UTA,2025-12-26,0.3958008508792635,4.4,1.23,1.0,0.33,0.4307692307692308
NOP,PHO,0.3984133080982148,2.45,1.57,PHO,2025-12-26,1.0,PHO,2025-12-26,0.3984133080982148,2.45,1.57,0.0,0.42,0.4307692307692308
POR,LAC,0.3430423689677759,2.14,1.74,LAC,2025-12-26,1.0,LAC,2025-12-26,0.3430423689677759,2.14,1.74,0.0,0.62,0.3333333333333333
WAS,TOR,0.2792349919815317,3.6,1.31,WAS,2025-12-26,0.0,WAS,2025-12-26,0.2792349919815317,3.6,1.31,1.0,0.4,0.3181818181818182
MEM,MIL,0.546004602227101,1.46,2.8,MEM,2025-12-26,1.0,MEM,2025-12-26,0.546004602227101,1.46,2.8,1.0,0.5,0.47701149425287354
IND,BOS,0.3771093039451137,3.75,1.29,BOS,2025-12-26,1.0,BOS,2025-12-26,0.3771093039451137,3.75,1.29,0.0,0.33,0.4307692307692308
NYK,CLE,0.6038493205795767,1.41,3.0,NYK,2025-12-25,1.0,NYK,2025-12-25,0.6038493205795767,1.41,3.0,1.0,0.5,0.6460176991150443
OKC,SAS,0.6744451387365771,1.27,3.95,SAS,2025-12-25,0.0,SAS,2025-12-25,0.6744451387365771,1.27,3.95,0.0,0.69,0.6885245901639344
DEN,MIN,0.664976715829645,1.8,2.05,DEN,2025-12-25,1.0,DEN,2025-12-25,0.664976715829645,1.8,2.05,1.0,0.67,0.6885245901639344
NYK,CLE,0.6038493205795767,1.45,2.8,NYK,2025-12-25,1.0,NYK,2025-12-25,0.6038493205795767,1.45,2.8,1.0,0.5,0.6460176991150443
LAL,HOU,0.5348190367984185,2.1,1.68,HOU,2025-12-25,0.0,HOU,2025-12-25,0.5348190367984185,2.1,1.68,0.0,0.4,0.47701149425287354
GSW,DAL,0.5883386782456852,1.28,3.8,GSW,2025-12-25,1.0,GSW,2025-12-25,0.5883386782456852,1.28,3.8,1.0,0.69,0.6460176991150443
GSW,DAL,0.5883386782456852,1.31,3.6,GSW,2025-12-25,1.0,GSW,2025-12-25,0.5883386782456852,1.31,3.6,1.0,0.69,0.6460176991150443
DEN,MIN,0.664976715829645,1.6,2.4,DEN,2025-12-25,1.0,DEN,2025-12-25,0.664976715829645,1.6,2.4,1.0,0.67,0.6885245901639344
OKC,SAS,0.6744451387365771,1.28,3.8,SAS,2025-12-25,0.0,SAS,2025-12-25,0.6744451387365771,1.28,3.8,0.0,0.69,0.6885245901639344
LAL,HOU,0.5348190367984185,2.1,1.77,HOU,2025-12-25,0.0,HOU,2025-12-25,0.5348190367984185,2.1,1.77,0.0,0.4,0.47701149425287354
MIN,NYK,0.6283609616454537,1.36,3.25,MIN,2025-12-23,1.0,MIN,2025-12-23,0.6283609616454537,1.36,3.25,1.0,0.78,0.6460176991150443
UTA,MEM,0.5209443897460855,2.42,1.59,MEM,2025-12-23,0.0,MEM,2025-12-23,0.5209443897460855,2.42,1.59,0.0,0.33,0.47701149425287354
SAS,OKC,0.5943021987690378,3.1,1.39,SAS,2025-12-23,1.0,SAS,2025-12-23,0.5943021987690378,3.1,1.39,1.0,0.56,0.6460176991150443
ATL,CHI,0.3344492696095467,1.68,2.24,CHI,2025-12-23,1.0,CHI,2025-12-23,0.3344492696095467,1.68,2.24,0.0,0.33,0.3333333333333333
SAC,DET,0.4359737654172695,4.0,1.26,DET,2025-12-23,1.0,DET,2025-12-23,0.4359737654172695,4.0,1.26,0.0,0.5,0.4307692307692308
PHI,BRK,0.5649729711703267,1.26,4.0,BRK,2025-12-23,0.0,BRK,2025-12-23,0.5649729711703267,1.26,4.0,0.0,0.44,0.6
MIA,TOR,0.4542246469534439,1.44,2.85,TOR,2025-12-23,1.0,TOR,2025-12-23,0.4542246469534439,1.44,2.85,0.0,0.4,0.47701149425287354
POR,ORL,0.471353406277926,2.0,1.83,ORL,2025-12-23,1.0,ORL,2025-12-23,0.471353406277926,2.0,1.83,0.0,0.62,0.47701149425287354
CLE,NOP,0.5666149715143373,1.26,4.0,CLE,2025-12-23,1.0,CLE,2025-12-23,0.5666149715143373,1.26,4.0,1.0,0.5,0.6
PHO,LAL,0.4760526624922572,1.57,2.45,PHO,2025-12-23,0.0,PHO,2025-12-23,0.4760526624922572,1.57,2.45,1.0,0.86,0.47701149425287354
LAC,HOU,0.6432243457026275,3.5,1.32,LAC,2025-12-23,1.0,LAC,2025-12-23,0.6432243457026275,3.5,1.32,1.0,0.8,0.6460176991150443
IND,MIL,0.5283468968882382,2.0,1.83,MIL,2025-12-23,0.0,MIL,2025-12-23,0.5283468968882382,2.0,1.83,0.0,0.33,0.47701149425287354
CHO,WAS,0.4905691278219317,1.4,3.05,CHO,2025-12-23,0.0,CHO,2025-12-23,0.4905691278219317,1.4,3.05,1.0,0.25,0.47701149425287354
DAL,DEN,0.5032886872808779,2.95,1.42,DAL,2025-12-23,1.0,DAL,2025-12-23,0.5032886872808779,2.95,1.42,1.0,0.7,0.47701149425287354
DEN,UTA,0.672845119945678,1.12,6.75,DEN,2025-12-22,1.0,DEN,2025-12-22,0.672845119945678,1.12,6.75,1.0,0.67,0.6885245901639344
NOP,DAL,0.4352119701924436,1.8,2.05,NOP,2025-12-22,0.0,NOP,2025-12-22,0.4352119701924436,1.8,2.05,1.0,0.42,0.4307692307692308
CLE,CHO,0.6275176307840361,1.25,4.1,CLE,2025-12-22,1.0,CLE,2025-12-22,0.6275176307840361,1.25,4.1,1.0,0.5,0.6460176991150443
POR,DET,0.4038722180633613,2.95,1.42,DET,2025-12-22,1.0,DET,2025-12-22,0.4038722180633613,2.95,1.42,0.0,0.62,0.4307692307692308
BOS,IND,0.6854287910848196,1.17,5.4,BOS,2025-12-22,1.0,BOS,2025-12-22,0.6854287910848196,1.17,5.4,1.0,0.62,0.6885245901639344
GSW,ORL,0.5986332312339849,1.43,2.9,GSW,2025-12-22,1.0,GSW,2025-12-22,0.5986332312339849,1.43,2.9,1.0,0.69,0.6460176991150443
OKC,MEM,0.7163144110860689,1.07,9.0,OKC,2025-12-22,1.0,OKC,2025-12-22,0.7163144110860689,1.07,9.0,1.0,0.69,0.7142857142857143
MIN,MIL,0.6906837823775704,1.15,5.7,MIN,2025-12-21,1.0,MIN,2025-12-21,0.6906837823775704,1.15,5.7,1.0,0.78,0.7142857142857143
WAS,SAS,0.3092029788135025,9.0,1.07,SAS,2025-12-21,1.0,SAS,2025-12-21,0.3092029788135025,9.0,1.07,0.0,0.4,0.3181818181818182
SAC,HOU,0.4773501589369956,5.7,1.15,SAC,2025-12-21,0.0,SAC,2025-12-21,0.4773501589369956,5.7,1.15,1.0,0.5,0.47701149425287354
ATL,CHI,0.4634122811017669,1.52,2.6,CHI,2025-12-21,1.0,CHI,2025-12-21,0.4634122811017669,1.52,2.6,0.0,0.33,0.47701149425287354
BRK,TOR,0.6928688236271174,2.4,1.6,BRK,2025-12-21,1.0,BRK,2025-12-21,0.6928688236271174,2.4,1.6,1.0,0.5,0.7142857142857143
NYK,MIA,0.6274021903974386,1.32,3.5,NYK,2025-12-21,1.0,NYK,2025-12-21,0.6274021903974386,1.32,3.5,1.0,0.5,0.6460176991150443
MEM,WAS,0.6281547672482698,1.13,6.25,WAS,2025-12-20,0.0,WAS,2025-12-20,0.6281547672482698,1.13,6.25,0.0,0.5,0.6460176991150443
SAC,POR,0.3438549143732438,2.54,1.54,POR,2025-12-20,1.0,POR,2025-12-20,0.3438549143732438,2.54,1.54,0.0,0.5,0.3333333333333333
DET,CHO,0.5620660535677824,1.19,4.9,DET,2025-12-20,1.0,DET,2025-12-20,0.5620660535677824,1.19,4.9,1.0,0.73,0.6
LAC,LAL,0.5046330895154568,1.98,1.85,LAC,2025-12-20,1.0,LAC,2025-12-20,0.5046330895154568,1.98,1.85,1.0,0.8,0.47701149425287354
NOP,IND,0.397491822010583,1.74,2.14,NOP,2025-12-20,0.0,NOP,2025-12-20,0.397491822010583,1.74,2.14,1.0,0.42,0.4307692307692308
UTA,ORL,0.4893360070159722,3.35,1.34,ORL,2025-12-20,1.0,ORL,2025-12-20,0.4893360070159722,3.35,1.34,0.0,0.33,0.47701149425287354
GSW,PHO,0.5355295787625414,1.41,3.0,GSW,2025-12-20,1.0,GSW,2025-12-20,0.5355295787625414,1.41,3.0,1.0,0.69,0.47701149425287354
PHI,DAL,0.6827665437596036,1.65,2.3,PHI,2025-12-20,1.0,PHI,2025-12-20,0.6827665437596036,1.65,2.3,1.0,0.44,0.6885245901639344
TOR,BOS,0.3805520495956651,2.0,1.83,BOS,2025-12-20,1.0,BOS,2025-12-20,0.3805520495956651,2.0,1.83,0.0,0.42,0.4307692307692308
DEN,HOU,0.6175347693173632,2.0,1.83,HOU,2025-12-20,0.0,HOU,2025-12-20,0.6175347693173632,2.0,1.83,0.0,0.67,0.6460176991150443
MIN,OKC,0.6119303796786107,3.7,1.29,MIN,2025-12-19,1.0,MIN,2025-12-19,0.6119303796786107,3.7,1.29,1.0,0.78,0.6460176991150443
NYK,PHI,0.6927230779114832,1.54,2.54,PHI,2025-12-19,0.0,PHI,2025-12-19,0.6927230779114832,1.54,2.54,0.0,0.5,0.7142857142857143
BOS,MIA,0.6381881857534353,1.37,3.2,BOS,2025-12-19,1.0,BOS,2025-12-19,0.6381881857534353,1.37,3.2,1.0,0.62,0.6460176991150443
CLE,CHI,0.5112553884299316,1.34,3.35,CHI,2025-12-19,0.0,CHI,2025-12-19,0.5112553884299316,1.34,3.35,0.0,0.5,0.47701149425287354
ATL,SAS,0.3620571752900073,2.24,1.68,SAS,2025-12-19,1.0,SAS,2025-12-19,0.3620571752900073,2.24,1.68,0.0,0.33,0.3333333333333333
PHO,GSW,0.4679468519218731,2.05,1.8,PHO,2025-12-18,0.0,PHO,2025-12-18,0.4679468519218731,2.05,1.8,1.0,0.86,0.47701149425287354
MIL,TOR,0.6223926990371704,2.64,1.51,TOR,2025-12-18,0.0,TOR,2025-12-18,0.6223926990371704,2.64,1.51,0.0,0.43,0.6460176991150443
DEN,ORL,0.665924122481555,1.35,3.3,DEN,2025-12-18,1.0,DEN,2025-12-18,0.665924122481555,1.35,3.3,1.0,0.67,0.6885245901639344
POR,SAC,0.4957509247624992,1.28,3.8,POR,2025-12-18,0.0,POR,2025-12-18,0.4957509247624992,1.28,3.8,1.0,0.62,0.47701149425287354
SAS,WAS,0.6068812243539208,1.09,8.0,SAS,2025-12-18,1.0,SAS,2025-12-18,0.6068812243539208,1.09,8.0,1.0,0.56,0.6460176991150443
NOP,HOU,0.418783910942663,4.2,1.24,NOP,2025-12-18,0.0,NOP,2025-12-18,0.418783910942663,4.2,1.24,1.0,0.42,0.4307692307692308
IND,NYK,0.5585884387850045,2.54,1.54,NYK,2025-12-18,0.0,NYK,2025-12-18,0.5585884387850045,2.54,1.54,0.0,0.33,0.6
BRK,MIA,0.7200505770408979,3.1,1.39,MIA,2025-12-18,0.0,MIA,2025-12-18,0.7200505770408979,3.1,1.39,0.0,0.5,0.7142857142857143
CHO,ATL,0.542080771856923,2.8,1.46,CHO,2025-12-18,1.0,CHO,2025-12-18,0.542080771856923,2.8,1.46,1.0,0.25,0.47701149425287354
OKC,LAC,0.8244689693355142,1.06,10.5,OKC,2025-12-18,1.0,OKC,2025-12-18,0.8244689693355142,1.06,10.5,1.0,0.69,1.0
UTA,LAL,0.4421639068358375,3.6,1.31,LAL,2025-12-18,1.0,LAL,2025-12-18,0.4421639068358375,3.6,1.31,0.0,0.33,0.47701149425287354
DAL,DET,0.5888138548279976,2.9,1.43,DAL,2025-12-18,1.0,DAL,2025-12-18,0.5888138548279976,2.9,1.43,1.0,0.7,0.6460176991150443
MIN,MEM,0.5784776449927593,1.34,3.4,MEM,2025-12-17,0.0,MEM,2025-12-17,0.5784776449927593,1.34,3.4,0.0,0.78,0.6
CHI,CLE,0.372166928275114,2.54,1.54,CHI,2025-12-17,0.0,CHI,2025-12-17,0.372166928275114,2.54,1.54,1.0,0.5,0.4307692307692308
UTA,DAL,0.4228723374649041,2.14,1.74,UTA,2025-12-15,0.0,UTA,2025-12-15,0.4228723374649041,2.14,1.74,1.0,0.33,0.4307692307692308
LAC,MEM,0.5600309656558601,1.56,2.5,MEM,2025-12-15,0.0,MEM,2025-12-15,0.5600309656558601,1.56,2.5,0.0,0.8,0.6
MIA,TOR,0.5404633788130144,1.44,2.85,TOR,2025-12-15,0.0,TOR,2025-12-15,0.5404633788130144,1.44,2.85,0.0,0.4,0.47701149425287354
DEN,HOU,0.6054177606840577,1.85,1.98,DEN,2025-12-15,1.0,DEN,2025-12-15,0.6054177606840577,1.85,1.98,1.0,0.67,0.6460176991150443
BOS,DET,0.6222335524421478,1.82,2.02,DET,2025-12-15,0.0,DET,2025-12-15,0.6222335524421478,1.82,2.02,0.0,0.62,0.6460176991150443
BRK,MIL,0.4843380836083482,2.05,1.8,BRK,2025-12-14,0.0,BRK,2025-12-14,0.4843380836083482,2.05,1.8,1.0,0.5,0.47701149425287354
POR,GSW,0.3776094867388249,2.54,1.54,POR,2025-12-14,0.0,POR,2025-12-14,0.3776094867388249,2.54,1.54,1.0,0.62,0.4307692307692308
CLE,CHO,0.637258631230552,1.17,5.4,CHO,2025-12-14,0.0,CHO,2025-12-14,0.637258631230552,1.17,5.4,0.0,0.5,0.6460176991150443
ATL,PHI,0.4241059764263076,1.54,2.54,ATL,2025-12-14,0.0,ATL,2025-12-14,0.4241059764263076,1.54,2.54,1.0,0.33,0.4307692307692308
PHO,LAL,0.4047123041743233,2.02,1.82,LAL,2025-12-14,1.0,LAL,2025-12-14,0.4047123041743233,2.02,1.82,0.0,0.86,0.4307692307692308
IND,WAS,0.6866961236334618,1.25,4.1,WAS,2025-12-14,0.0,WAS,2025-12-14,0.6866961236334618,1.25,4.1,0.0,0.33,0.6885245901639344
MIN,SAC,0.7492702570862274,1.17,5.4,MIN,2025-12-14,1.0,MIN,2025-12-14,0.7492702570862274,1.17,5.4,1.0,0.78,0.825
CHI,NOP,0.2924423756268633,1.57,2.45,NOP,2025-12-14,1.0,NOP,2025-12-14,0.2924423756268633,1.57,2.45,0.0,0.5,0.3181818181818182
ORL,NYK,0.5491172932866707,2.64,1.51,NYK,2025-12-13,0.0,NYK,2025-12-13,0.5491172932866707,2.64,1.51,0.0,0.6,0.47701149425287354
OKC,SAS,0.784729037613859,1.19,4.9,SAS,2025-12-13,0.0,SAS,2025-12-13,0.784729037613859,1.19,4.9,0.0,0.69,0.825
CHO,CHI,0.4746380976637648,2.24,1.68,CHI,2025-12-12,1.0,CHI,2025-12-12,0.4746380976637648,2.24,1.68,0.0,0.25,0.47701149425287354
DAL,BRK,0.4740722832361979,1.32,3.5,DAL,2025-12-12,0.0,DAL,2025-12-12,0.4740722832361979,1.32,3.5,1.0,0.7,0.47701149425287354
MEM,UTA,0.704155830247829,1.41,3.0,UTA,2025-12-12,0.0,UTA,2025-12-12,0.704155830247829,1.41,3.0,0.0,0.5,0.7142857142857143
DET,ATL,0.5243991127021357,1.35,3.3,DET,2025-12-12,1.0,DET,2025-12-12,0.5243991127021357,1.35,3.3,1.0,0.73,0.47701149425287354
GSW,MIN,0.5426715356665905,1.57,2.45,MIN,2025-12-12,0.0,MIN,2025-12-12,0.5426715356665905,1.57,2.45,0.0,0.69,0.47701149425287354
PHI,IND,0.4982087344074586,1.34,3.35,PHI,2025-12-12,0.0,PHI,2025-12-12,0.4982087344074586,1.34,3.35,1.0,0.44,0.47701149425287354
WAS,CLE,0.3225161912844935,8.5,1.08,CLE,2025-12-12,1.0,CLE,2025-12-12,0.3225161912844935,8.5,1.08,0.0,0.4,0.3333333333333333
NOP,POR,0.5368536502500362,2.45,1.57,NOP,2025-12-11,1.0,NOP,2025-12-11,0.5368536502500362,2.45,1.57,1.0,0.42,0.47701149425287354
HOU,LAC,0.6640738322904403,1.24,4.2,HOU,2025-12-11,1.0,HOU,2025-12-11,0.6640738322904403,1.24,4.2,1.0,0.86,0.6885245901639344
SAC,DEN,0.3729629239579561,4.7,1.21,DEN,2025-12-11,1.0,DEN,2025-12-11,0.3729629239579561,4.7,1.21,0.0,0.5,0.4307692307692308
MIL,BOS,0.5094551028232459,4.2,1.24,MIL,2025-12-11,1.0,MIL,2025-12-11,0.5094551028232459,4.2,1.24,1.0,0.43,0.47701149425287354
OKC,PHO,0.7839672881752769,1.1,7.75,OKC,2025-12-10,1.0,OKC,2025-12-10,0.7839672881752769,1.1,7.75,1.0,0.69,0.825
LAL,SAS,0.6828062439136431,1.36,3.25,SAS,2025-12-10,0.0,SAS,2025-12-10,0.6828062439136431,1.36,3.25,0.0,0.4,0.6885245901639344
ORL,MIA,0.6960493023746125,1.89,1.93,ORL,2025-12-09,1.0,ORL,2025-12-09,0.6960493023746125,1.89,1.93,1.0,0.6,0.7142857142857143
TOR,NYK,0.4367227194394134,2.8,1.46,NYK,2025-12-09,1.0,NYK,2025-12-09,0.4367227194394134,2.8,1.46,0.0,0.42,0.4307692307692308
NOP,SAS,0.4311120312219246,4.4,1.23,SAS,2025-12-08,1.0,SAS,2025-12-08,0.4311120312219246,4.4,1.23,0.0,0.42,0.4307692307692308
MIN,PHO,0.7210080117451217,1.29,3.75,PHO,2025-12-08,0.0,PHO,2025-12-08,0.7210080117451217,1.29,3.75,0.0,0.78,0.7142857142857143
IND,SAC,0.5742137729435185,1.56,2.5,IND,2025-12-08,1.0,IND,2025-12-08,0.5742137729435185,1.56,2.5,1.0,0.33,0.6
CHO,DEN,0.3637560695963289,4.8,1.2,DEN,2025-12-07,1.0,DEN,2025-12-07,0.3637560695963289,4.8,1.2,0.0,0.25,0.3333333333333333
PHI,LAL,0.624214118191619,2.4,1.6,LAL,2025-12-07,0.0,LAL,2025-12-07,0.624214118191619,2.4,1.6,0.0,0.44,0.6460176991150443
TOR,BOS,0.4175628880046949,2.3,1.65,BOS,2025-12-07,1.0,BOS,2025-12-07,0.4175628880046949,2.3,1.65,0.0,0.42,0.4307692307692308
NYK,ORL,0.7524579369686818,1.62,2.24,NYK,2025-12-07,1.0,NYK,2025-12-07,0.7524579369686818,1.62,2.24,1.0,0.5,0.825
CHI,GSW,0.3363838418950795,1.93,1.89,GSW,2025-12-07,1.0,GSW,2025-12-07,0.3363838418950795,1.93,1.89,0.0,0.5,0.3333333333333333
MEM,POR,0.5609849272385484,1.85,1.98,MEM,2025-12-07,1.0,MEM,2025-12-07,0.5609849272385484,1.85,1.98,1.0,0.5,0.6
UTA,OKC,0.373669804871983,4.8,1.2,OKC,2025-12-07,1.0,OKC,2025-12-07,0.373669804871983,4.8,1.2,0.0,0.33,0.4307692307692308
BRK,NOP,0.6119847469737508,1.59,2.42,BRK,2025-12-06,1.0,BRK,2025-12-06,0.6119847469737508,1.59,2.42,1.0,0.5,0.6460176991150443
DAL,HOU,0.3736331396429546,3.35,1.34,DAL,2025-12-06,0.0,DAL,2025-12-06,0.3736331396429546,3.35,1.34,1.0,0.7,0.4307692307692308
MIN,LAC,0.7622944863964465,1.27,3.95,MIN,2025-12-06,1.0,MIN,2025-12-06,0.7622944863964465,1.27,3.95,1.0,0.78,0.825
DET,MIL,0.6209386954223907,1.15,5.9,DET,2025-12-06,1.0,DET,2025-12-06,0.6209386954223907,1.15,5.9,1.0,0.73,0.6460176991150443
CLE,GSW,0.6458256248268818,1.32,3.5,GSW,2025-12-06,0.0,GSW,2025-12-06,0.6458256248268818,1.32,3.5,0.0,0.5,0.6460176991150443
WAS,ATL,0.3142286123979808,4.3,1.24,ATL,2025-12-06,1.0,ATL,2025-12-06,0.3142286123979808,4.3,1.24,0.0,0.4,0.3181818181818182
MIA,SAC,0.650067277573942,1.25,4.1,SAC,2025-12-06,0.0,SAC,2025-12-06,0.650067277573942,1.25,4.1,0.0,0.4,0.6460176991150443
HOU,PHO,0.6283484395263004,1.18,5.1,HOU,2025-12-05,1.0,HOU,2025-12-05,0.6283484395263004,1.18,5.1,1.0,0.86,0.6460176991150443
NYK,UTA,0.6182657629469036,1.08,8.5,NYK,2025-12-05,1.0,NYK,2025-12-05,0.6182657629469036,1.08,8.5,1.0,0.5,0.6460176991150443
BOS,LAL,0.5231033760699162,1.32,3.5,BOS,2025-12-05,1.0,BOS,2025-12-05,0.5231033760699162,1.32,3.5,1.0,0.62,0.47701149425287354
CHI,IND,0.3279963860965866,1.51,2.64,IND,2025-12-05,1.0,IND,2025-12-05,0.3279963860965866,1.51,2.64,0.0,0.5,0.3333333333333333
TOR,CHO,0.6413079181299723,1.34,3.35,CHO,2025-12-05,0.0,CHO,2025-12-05,0.6413079181299723,1.34,3.35,0.0,0.42,0.6460176991150443
MIL,PHI,0.4952853815097947,1.93,1.89,PHI,2025-12-05,1.0,PHI,2025-12-05,0.4952853815097947,1.93,1.89,0.0,0.43,0.47701149425287354
CLE,SAS,0.6306544590124109,1.6,2.4,CLE,2025-12-05,1.0,CLE,2025-12-05,0.6306544590124109,1.6,2.4,1.0,0.5,0.6460176991150443
DET,POR,0.4589620704278608,1.33,3.45,DET,2025-12-05,0.0,DET,2025-12-05,0.4589620704278608,1.33,3.45,1.0,0.73,0.47701149425287354
ATL,DEN,0.4531806521558069,2.7,1.49,DEN,2025-12-05,1.0,DEN,2025-12-05,0.4531806521558069,2.7,1.49,0.0,0.33,0.47701149425287354
ORL,MIA,0.6489855242522913,1.46,2.8,ORL,2025-12-05,1.0,ORL,2025-12-05,0.6489855242522913,1.46,2.8,1.0,0.6,0.6460176991150443
MEM,LAC,0.4776589192369966,2.1,1.77,MEM,2025-12-05,0.0,MEM,2025-12-05,0.4776589192369966,2.1,1.77,1.0,0.5,0.47701149425287354
OKC,DAL,0.8301101308549798,1.1,7.75,OKC,2025-12-05,1.0,OKC,2025-12-05,0.8301101308549798,1.1,7.75,1.0,0.69,1.0
BRK,UTA,0.7221489191876569,2.7,1.49,UTA,2025-12-04,0.0,UTA,2025-12-04,0.7221489191876569,2.7,1.49,0.0,0.5,0.7142857142857143
NOP,MIN,0.3716049054781383,5.25,1.17,MIN,2025-12-04,1.0,MIN,2025-12-04,0.3716049054781383,5.25,1.17,0.0,0.42,0.3333333333333333
TOR,LAL,0.6207314332501827,1.7,2.2,LAL,2025-12-04,0.0,LAL,2025-12-04,0.6207314332501827,1.7,2.2,0.0,0.42,0.6460176991150443
WAS,BOS,0.2475722423137321,4.5,1.22,BOS,2025-12-04,1.0,BOS,2025-12-04,0.2475722423137321,4.5,1.22,0.0,0.4,0.3181818181818182
PHI,GSW,0.6746544074842185,1.62,2.36,PHI,2025-12-04,1.0,PHI,2025-12-04,0.6746544074842185,1.62,2.36,1.0,0.44,0.6885245901639344
CHI,BRK,0.2925958877182121,1.29,3.7,BRK,2025-12-03,1.0,BRK,2025-12-03,0.2925958877182121,1.29,3.7,0.0,0.5,0.3181818181818182
CLE,POR,0.5871290893995311,1.17,5.4,POR,2025-12-03,0.0,POR,2025-12-03,0.5871290893995311,1.17,5.4,0.0,0.5,0.6460176991150443
DAL,MIA,0.3471792253556039,2.6,1.52,DAL,2025-12-03,0.0,DAL,2025-12-03,0.3471792253556039,2.6,1.52,1.0,0.7,0.3333333333333333
MIL,DET,0.4951982487009827,2.54,1.54,MIL,2025-12-03,0.0,MIL,2025-12-03,0.4951982487009827,2.54,1.54,1.0,0.43,0.47701149425287354
ATL,LAC,0.5586667484272824,1.62,2.36,LAC,2025-12-03,0.0,LAC,2025-12-03,0.5586667484272824,1.62,2.36,0.0,0.33,0.6
ORL,SAS,0.6794109921989704,1.29,3.7,SAS,2025-12-03,0.0,SAS,2025-12-03,0.6794109921989704,1.29,3.7,0.0,0.6,0.6885245901639344
HOU,SAC,0.7271163152424641,1.07,9.0,HOU,2025-12-03,1.0,HOU,2025-12-03,0.7271163152424641,1.07,9.0,1.0,0.86,0.825
NYK,CHO,0.7252513670692756,1.25,4.1,NYK,2025-12-03,1.0,NYK,2025-12-03,0.7252513670692756,1.25,4.1,1.0,0.5,0.825
IND,DEN,0.3578316569330641,3.7,1.29,DEN,2025-12-03,1.0,DEN,2025-12-03,0.3578316569330641,3.7,1.29,0.0,0.33,0.3333333333333333
TOR,POR,0.619290150542852,1.46,2.8,TOR,2025-12-02,1.0,TOR,2025-12-02,0.619290150542852,1.46,2.8,1.0,0.42,0.6460176991150443
PHI,WAS,0.4616272743617612,1.12,6.75,PHI,2025-12-02,0.0,PHI,2025-12-02,0.4616272743617612,1.12,6.75,1.0,0.44,0.47701149425287354
NOP,MIN,0.2929085874950088,5.55,1.16,MIN,2025-12-02,1.0,MIN,2025-12-02,0.2929085874950088,5.55,1.16,0.0,0.42,0.3181818181818182
GSW,OKC,0.6058517372438283,5.4,1.17,OKC,2025-12-02,0.0,OKC,2025-12-02,0.6058517372438283,5.4,1.17,0.0,0.69,0.6460176991150443
BOS,NYK,0.6454243572825947,1.89,1.93,BOS,2025-12-02,1.0,BOS,2025-12-02,0.6454243572825947,1.89,1.93,1.0,0.62,0.6460176991150443
SAS,MEM,0.5879329700181527,1.49,2.7,SAS,2025-12-02,1.0,SAS,2025-12-02,0.5879329700181527,1.49,2.7,1.0,0.56,0.6460176991150443
BRK,CHO,0.4511071280813796,2.6,1.52,BRK,2025-12-01,0.0,BRK,2025-12-01,0.4511071280813796,2.6,1.52,1.0,0.5,0.47701149425287354
ORL,CHI,0.7225119265376123,1.28,3.85,ORL,2025-12-01,1.0,ORL,2025-12-01,0.7225119265376123,1.28,3.85,1.0,0.6,0.825
DET,ATL,0.5794287750816302,1.24,4.3,DET,2025-12-01,1.0,DET,2025-12-01,0.5794287750816302,1.24,4.3,1.0,0.73,0.6
UTA,HOU,0.3606706997190304,5.7,1.15,UTA,2025-12-01,0.0,UTA,2025-12-01,0.3606706997190304,5.7,1.15,1.0,0.33,0.3333333333333333
DEN,DAL,0.5833413332944934,1.19,4.9,DAL,2025-12-01,0.0,DAL,2025-12-01,0.5833413332944934,1.19,4.9,0.0,0.67,0.6
LAL,PHO,0.68772582393989,1.51,2.64,PHO,2025-12-01,0.0,PHO,2025-12-01,0.68772582393989,1.51,2.64,0.0,0.4,0.6885245901639344
IND,CLE,0.4833037885877908,2.6,1.52,CLE,2025-12-01,1.0,CLE,2025-12-01,0.4833037885877908,2.6,1.52,0.0,0.33,0.47701149425287354
WAS,MIL,0.2367886358286087,4.2,1.24,WAS,2025-12-01,0.0,WAS,2025-12-01,0.2367886358286087,4.2,1.24,1.0,0.4,0.3181818181818182
MIA,LAC,0.5615011532708953,1.41,3.0,MIA,2025-12-01,1.0,MIA,2025-12-01,0.5615011532708953,1.41,3.0,1.0,0.4,0.6
PHI,ATL,0.4699258419334549,1.77,2.1,ATL,2025-11-30,1.0,ATL,2025-11-30,0.4699258419334549,1.77,2.1,0.0,0.44,0.47701149425287354
POR,OKC,0.4644389576593696,5.7,1.15,OKC,2025-11-30,1.0,OKC,2025-11-30,0.4644389576593696,5.7,1.15,0.0,0.62,0.47701149425287354
UTA,HOU,0.431107122576301,5.4,1.17,HOU,2025-11-30,1.0,HOU,2025-11-30,0.431107122576301,5.4,1.17,0.0,0.33,0.4307692307692308
NYK,TOR,0.6945936319704816,1.31,3.6,NYK,2025-11-30,1.0,NYK,2025-11-30,0.6945936319704816,1.31,3.6,1.0,0.5,0.7142857142857143
LAL,NOP,0.7430172245363171,1.1,7.75,LAL,2025-11-30,1.0,LAL,2025-11-30,0.7430172245363171,1.1,7.75,1.0,0.4,0.825
CLE,BOS,0.5430492233509335,1.35,3.3,BOS,2025-11-30,0.0,BOS,2025-11-30,0.5430492233509335,1.35,3.3,0.0,0.5,0.47701149425287354
MIN,SAS,0.5867727799673934,1.6,2.4,MIN,2025-11-30,1.0,MIN,2025-11-30,0.5867727799673934,1.6,2.4,1.0,0.78,0.6460176991150443
SAC,MEM,0.3978553681461099,2.2,1.7,MEM,2025-11-30,1.0,MEM,2025-11-30,0.3978553681461099,2.2,1.7,0.0,0.5,0.4307692307692308
MIL,BRK,0.5559347651232434,1.18,5.1,MIL,2025-11-29,1.0,MIL,2025-11-29,0.5559347651232434,1.18,5.1,1.0,0.43,0.6
CHO,TOR,0.4429800097547309,3.75,1.29,CHO,2025-11-29,0.0,CHO,2025-11-29,0.4429800097547309,3.75,1.29,1.0,0.25,0.47701149425287354
MIA,DET,0.5457599890210781,1.59,2.42,DET,2025-11-29,0.0,DET,2025-11-29,0.5457599890210781,1.59,2.42,0.0,0.4,0.47701149425287354
IND,CHI,0.4541692306207022,2.45,1.57,IND,2025-11-29,0.0,IND,2025-11-29,0.4541692306207022,2.45,1.57,1.0,0.33,0.47701149425287354
LAC,DAL,0.5850873936231079,1.36,3.25,DAL,2025-11-29,0.0,DAL,2025-11-29,0.5850873936231079,1.36,3.25,0.0,0.8,0.6
PHO,DEN,0.7102849395345799,2.36,1.62,DEN,2025-11-29,0.0,DEN,2025-11-29,0.7102849395345799,2.36,1.62,0.0,0.86,0.7142857142857143
MIN,BOS,0.735731818834182,1.34,3.4,MIN,2025-11-29,1.0,MIN,2025-11-29,0.735731818834182,1.34,3.4,1.0,0.78,0.825
GSW,NOP,0.7421205170553727,1.27,3.95,GSW,2025-11-29,1.0,GSW,2025-11-29,0.7421205170553727,1.27,3.95,1.0,0.69,0.825
IND,WAS,0.3561882266562023,1.38,3.15,IND,2025-11-28,0.0,IND,2025-11-28,0.3561882266562023,1.38,3.15,1.0,0.33,0.3333333333333333
DEN,SAS,0.6995937500182207,1.32,3.5,SAS,2025-11-28,0.0,SAS,2025-11-28,0.6995937500182207,1.32,3.5,0.0,0.67,0.7142857142857143
DEN,SAS,0.6995937500182207,1.24,4.2,SAS,2025-11-28,0.0,SAS,2025-11-28,0.6995937500182207,1.24,4.2,0.0,0.67,0.7142857142857143
BRK,PHI,0.625579600067617,3.1,1.39,PHI,2025-11-28,0.0,PHI,2025-11-28,0.625579600067617,3.1,1.39,0.0,0.5,0.6460176991150443
LAC,MEM,0.5268618316960656,1.38,3.15,MEM,2025-11-28,0.0,MEM,2025-11-28,0.5268618316960656,1.38,3.15,0.0,0.8,0.47701149425287354
ATL,CLE,0.6938959287762491,2.5,1.56,ATL,2025-11-28,1.0,ATL,2025-11-28,0.6938959287762491,2.5,1.56,1.0,0.33,0.7142857142857143
DET,ORL,0.562638911989562,1.62,2.36,ORL,2025-11-28,0.0,ORL,2025-11-28,0.562638911989562,1.62,2.36,0.0,0.73,0.6
NYK,MIL,0.7258049728378868,1.34,3.4,NYK,2025-11-28,1.0,NYK,2025-11-28,0.7258049728378868,1.34,3.4,1.0,0.5,0.825
LAL,DAL,0.7393090579730536,1.2,4.8,LAL,2025-11-28,1.0,LAL,2025-11-28,0.7393090579730536,1.2,4.8,1.0,0.4,0.825
LAL,DAL,0.7393090579730536,1.24,4.2,LAL,2025-11-28,1.0,LAL,2025-11-28,0.7393090579730536,1.24,4.2,1.0,0.4,0.825
UTA,SAC,0.4577463489933706,1.85,1.98,UTA,2025-11-28,0.0,UTA,2025-11-28,0.4577463489933706,1.85,1.98,1.0,0.33,0.47701149425287354
CHO,CHI,0.4068744118123351,2.14,1.74,CHO,2025-11-28,0.0,CHO,2025-11-28,0.4068744118123351,2.14,1.74,1.0,0.25,0.4307692307692308
ATL,CLE,0.6938959287762491,2.95,1.42,ATL,2025-11-28,1.0,ATL,2025-11-28,0.6938959287762491,2.95,1.42,1.0,0.33,0.7142857142857143
IND,WAS,0.3561882266562023,1.36,3.25,IND,2025-11-28,0.0,IND,2025-11-28,0.3561882266562023,1.36,3.25,1.0,0.33,0.3333333333333333
UTA,SAC,0.4577463489933706,1.74,2.14,UTA,2025-11-28,0.0,UTA,2025-11-28,0.4577463489933706,1.74,2.14,1.0,0.33,0.47701149425287354
NYK,MIL,0.7258049728378868,1.29,3.7,NYK,2025-11-28,1.0,NYK,2025-11-28,0.7258049728378868,1.29,3.7,1.0,0.5,0.825
OKC,PHO,0.7727780846528022,1.1,7.75,OKC,2025-11-28,1.0,OKC,2025-11-28,0.7727780846528022,1.1,7.75,1.0,0.69,0.825
DET,ORL,0.562638911989562,1.62,2.36,ORL,2025-11-28,0.0,ORL,2025-11-28,0.562638911989562,1.62,2.36,0.0,0.73,0.6
LAC,MEM,0.5268618316960656,1.4,3.05,MEM,2025-11-28,0.0,MEM,2025-11-28,0.5268618316960656,1.4,3.05,0.0,0.8,0.47701149425287354
OKC,PHO,0.7727780846528022,1.1,7.5,OKC,2025-11-28,1.0,OKC,2025-11-28,0.7727780846528022,1.1,7.5,1.0,0.69,0.825
CHO,CHI,0.4068744118123351,2.3,1.65,CHO,2025-11-28,0.0,CHO,2025-11-28,0.4068744118123351,2.3,1.65,1.0,0.25,0.4307692307692308
BRK,PHI,0.625579600067617,3.0,1.41,PHI,2025-11-28,0.0,PHI,2025-11-28,0.625579600067617,3.0,1.41,0.0,0.5,0.6460176991150443
MIA,MIL,0.5867514777006497,1.31,3.6,MIA,2025-11-26,1.0,MIA,2025-11-26,0.5867514777006497,1.31,3.6,1.0,0.4,0.6460176991150443
CHO,NYK,0.3208448447630296,3.15,1.38,NYK,2025-11-26,1.0,NYK,2025-11-26,0.3208448447630296,3.15,1.38,0.0,0.25,0.3333333333333333
BOS,DET,0.6979409304193159,2.24,1.68,BOS,2025-11-26,1.0,BOS,2025-11-26,0.6979409304193159,2.24,1.68,1.0,0.62,0.7142857142857143
GSW,HOU,0.5809261480059171,1.68,2.24,HOU,2025-11-26,0.0,HOU,2025-11-26,0.5809261480059171,1.68,2.24,0.0,0.69,0.6
NOP,MEM,0.3665741191569344,2.3,1.65,MEM,2025-11-26,1.0,MEM,2025-11-26,0.3665741191569344,2.3,1.65,0.0,0.42,0.3333333333333333
POR,SAS,0.5565155599051146,1.83,2.0,SAS,2025-11-26,0.0,SAS,2025-11-26,0.5565155599051146,1.83,2.0,0.0,0.62,0.6
OKC,MIN,0.8073251773858775,1.22,4.5,OKC,2025-11-26,1.0,OKC,2025-11-26,0.8073251773858775,1.22,4.5,1.0,0.69,1.0
SAC,PHO,0.3212320157133465,2.54,1.54,PHO,2025-11-26,1.0,PHO,2025-11-26,0.3212320157133465,2.54,1.54,0.0,0.5,0.3333333333333333
TOR,IND,0.7248393107039552,1.21,4.7,TOR,2025-11-26,1.0,TOR,2025-11-26,0.7248393107039552,1.21,4.7,1.0,0.42,0.825
PHI,ORL,0.5436046425122454,2.45,1.57,ORL,2025-11-25,0.0,ORL,2025-11-25,0.5436046425122454,2.45,1.57,0.0,0.44,0.47701149425287354
LAL,LAC,0.6183566580062562,1.39,3.1,LAL,2025-11-25,1.0,LAL,2025-11-25,0.6183566580062562,1.39,3.1,1.0,0.4,0.6460176991150443
WAS,ATL,0.2578109292415598,5.0,1.19,WAS,2025-11-25,0.0,WAS,2025-11-25,0.2578109292415598,5.0,1.19,1.0,0.4,0.3181818181818182
GSW,UTA,0.6069409090761148,1.1,7.5,GSW,2025-11-24,1.0,GSW,2025-11-24,0.6069409090761148,1.1,7.5,1.0,0.69,0.6460176991150443
PHO,HOU,0.7666323397776689,2.9,1.43,HOU,2025-11-24,0.0,HOU,2025-11-24,0.7666323397776689,2.9,1.43,0.0,0.86,0.825
IND,DET,0.3438515137498653,4.5,1.22,DET,2025-11-24,1.0,DET,2025-11-24,0.3438515137498653,4.5,1.22,0.0,0.33,0.3333333333333333
MIA,DAL,0.5733875828751145,1.34,3.35,MIA,2025-11-24,1.0,MIA,2025-11-24,0.5733875828751145,1.34,3.35,1.0,0.4,0.6
SAC,MIN,0.2164996819537854,4.1,1.25,SAC,2025-11-24,0.0,SAC,2025-11-24,0.2164996819537854,4.1,1.25,1.0,0.5,0.25
NOP,CHI,0.3175450772637698,2.8,1.46,NOP,2025-11-24,0.0,NOP,2025-11-24,0.3175450772637698,2.8,1.46,1.0,0.42,0.3333333333333333
BRK,NYK,0.5228836699195674,6.75,1.12,NYK,2025-11-24,0.0,NYK,2025-11-24,0.5228836699195674,6.75,1.12,0.0,0.5,0.47701149425287354
MEM,DEN,0.4940226262844469,3.7,1.29,DEN,2025-11-24,1.0,DEN,2025-11-24,0.4940226262844469,3.7,1.29,0.0,0.5,0.47701149425287354
TOR,CLE,0.6308937513462158,1.87,1.95,TOR,2025-11-24,1.0,TOR,2025-11-24,0.6308937513462158,1.87,1.95,1.0,0.42,0.6460176991150443
MIL,POR,0.640018442511149,1.77,2.1,POR,2025-11-24,0.0,POR,2025-11-24,0.640018442511149,1.77,2.1,0.0,0.43,0.6460176991150443
CLE,LAC,0.5877184540682966,1.26,4.0,CLE,2025-11-23,1.0,CLE,2025-11-23,0.5877184540682966,1.26,4.0,1.0,0.5,0.6460176991150443
ATL,CHO,0.7279782344473199,1.34,3.35,ATL,2025-11-23,1.0,ATL,2025-11-23,0.7279782344473199,1.34,3.35,1.0,0.33,0.825
PHI,MIA,0.5424938069718963,2.02,1.82,MIA,2025-11-23,0.0,MIA,2025-11-23,0.5424938069718963,2.02,1.82,0.0,0.44,0.47701149425287354
TOR,BRK,0.6319331535147021,1.14,6.0,TOR,2025-11-23,1.0,TOR,2025-11-23,0.6319331535147021,1.14,6.0,1.0,0.42,0.6460176991150443
OKC,POR,0.7286067682101035,1.09,8.0,OKC,2025-11-23,1.0,OKC,2025-11-23,0.7286067682101035,1.09,8.0,1.0,0.69,0.825
PHO,SAS,0.6367809127968677,1.68,2.24,PHO,2025-11-23,1.0,PHO,2025-11-23,0.6367809127968677,1.68,2.24,1.0,0.86,0.6460176991150443
BOS,ORL,0.7213422905784349,1.52,2.6,BOS,2025-11-23,1.0,BOS,2025-11-23,0.7213422905784349,1.52,2.6,1.0,0.62,0.7142857142857143
UTA,LAL,0.345531925384462,4.3,1.24,LAL,2025-11-23,1.0,LAL,2025-11-23,0.345531925384462,4.3,1.24,0.0,0.33,0.3333333333333333
DAL,MEM,0.2981127075279954,1.87,1.95,MEM,2025-11-22,1.0,MEM,2025-11-22,0.2981127075279954,1.87,1.95,0.0,0.7,0.3181818181818182
CHO,LAC,0.4719422296194962,1.95,1.87,LAC,2025-11-22,1.0,LAC,2025-11-22,0.4719422296194962,1.95,1.87,0.0,0.25,0.47701149425287354
ORL,NYK,0.6667776830140433,1.87,1.95,ORL,2025-11-22,1.0,ORL,2025-11-22,0.6667776830140433,1.87,1.95,1.0,0.6,0.6885245901639344
MIL,DET,0.5608269939310925,3.8,1.28,DET,2025-11-22,0.0,DET,2025-11-22,0.5608269939310925,3.8,1.28,0.0,0.43,0.6
NOP,ATL,0.4220500278491884,4.1,1.25,ATL,2025-11-22,1.0,ATL,2025-11-22,0.4220500278491884,4.1,1.25,0.0,0.42,0.4307692307692308
DEN,SAC,0.7816392019063639,1.18,5.1,SAC,2025-11-22,0.0,SAC,2025-11-22,0.7816392019063639,1.18,5.1,0.0,0.67,0.825
CHI,WAS,0.4412408425463915,1.14,6.0,CHI,2025-11-22,0.0,CHI,2025-11-22,0.4412408425463915,1.14,6.0,1.0,0.5,0.47701149425287354
PHO,MIN,0.6082955521794886,2.54,1.54,PHO,2025-11-21,1.0,PHO,2025-11-21,0.6082955521794886,2.54,1.54,1.0,0.86,0.6460176991150443
HOU,DEN,0.6997622437963672,1.74,2.14,DEN,2025-11-21,0.0,DEN,2025-11-21,0.6997622437963672,1.74,2.14,0.0,0.86,0.7142857142857143
UTA,OKC,0.3874301055932168,9.5,1.07,OKC,2025-11-21,1.0,OKC,2025-11-21,0.3874301055932168,9.5,1.07,0.0,0.33,0.4307692307692308
CLE,IND,0.6609249908764857,1.1,7.75,CLE,2025-11-21,1.0,CLE,2025-11-21,0.6609249908764857,1.1,7.75,1.0,0.5,0.6885245901639344
DAL,NOP,0.3294824413367516,1.56,2.5,DAL,2025-11-21,0.0,DAL,2025-11-21,0.3294824413367516,1.56,2.5,1.0,0.7,0.3333333333333333
GSW,POR,0.5252079282850365,1.24,4.3,POR,2025-11-21,0.0,POR,2025-11-21,0.5252079282850365,1.24,4.3,0.0,0.69,0.47701149425287354
CHI,MIA,0.4004434296409951,1.7,2.2,MIA,2025-11-21,1.0,MIA,2025-11-21,0.4004434296409951,1.7,2.2,0.0,0.5,0.4307692307692308
TOR,WAS,0.785704218264216,1.11,7.25,TOR,2025-11-21,1.0,TOR,2025-11-21,0.785704218264216,1.11,7.25,1.0,0.42,1.0
BOS,BRK,0.6753812887902401,1.1,7.75,BRK,2025-11-21,0.0,BRK,2025-11-21,0.6753812887902401,1.1,7.75,0.0,0.62,0.6885245901639344
MEM,SAC,0.3924271463672985,1.68,2.24,MEM,2025-11-20,0.0,MEM,2025-11-20,0.3924271463672985,1.68,2.24,1.0,0.5,0.4307692307692308
MIL,PHI,0.4218667547160461,2.14,1.74,PHI,2025-11-20,1.0,PHI,2025-11-20,0.4218667547160461,2.14,1.74,0.0,0.43,0.4307692307692308
ORL,LAC,0.5762548034592,1.46,2.8,ORL,2025-11-20,1.0,ORL,2025-11-20,0.5762548034592,1.46,2.8,1.0,0.6,0.6
SAS,ATL,0.6519022225297415,1.91,1.91,SAS,2025-11-20,1.0,SAS,2025-11-20,0.6519022225297415,1.91,1.91,1.0,0.56,0.6885245901639344
DAL,NYK,0.4361568985903687,3.4,1.34,NYK,2025-11-19,1.0,NYK,2025-11-19,0.4361568985903687,3.4,1.34,0.0,0.7,0.4307692307692308
IND,CHO,0.3733119347155008,2.05,1.8,IND,2025-11-19,0.0,IND,2025-11-19,0.3733119347155008,2.05,1.8,1.0,0.33,0.4307692307692308
POR,CHI,0.4924207455272665,2.2,1.7,CHI,2025-11-19,1.0,CHI,2025-11-19,0.4924207455272665,2.2,1.7,0.0,0.62,0.47701149425287354
CLE,HOU,0.6649952849665081,2.0,1.83,HOU,2025-11-19,0.0,HOU,2025-11-19,0.6649952849665081,2.0,1.83,0.0,0.5,0.6885245901639344
NOP,DEN,0.3861486268694939,7.25,1.11,DEN,2025-11-19,1.0,DEN,2025-11-19,0.3861486268694939,7.25,1.11,0.0,0.42,0.4307692307692308
MIA,GSW,0.4166274930485827,1.22,4.5,MIA,2025-11-19,0.0,MIA,2025-11-19,0.4166274930485827,1.22,4.5,1.0,0.4,0.4307692307692308
OKC,SAC,0.8317322482012603,1.05,12.0,OKC,2025-11-19,1.0,OKC,2025-11-19,0.8317322482012603,1.05,12.0,1.0,0.69,1.0
PHI,TOR,0.6635558086581727,2.14,1.74,TOR,2025-11-19,0.0,TOR,2025-11-19,0.6635558086581727,2.14,1.74,0.0,0.44,0.6885245901639344
MIN,WAS,0.7167042232727754,1.07,9.0,MIN,2025-11-19,1.0,MIN,2025-11-19,0.7167042232727754,1.07,9.0,1.0,0.78,0.7142857142857143
BRK,BOS,0.4531476458733325,5.1,1.18,BOS,2025-11-18,1.0,BOS,2025-11-18,0.4531476458733325,5.1,1.18,0.0,0.5,0.47701149425287354
LAL,UTA,0.6425109409900865,1.15,5.9,LAL,2025-11-18,1.0,LAL,2025-11-18,0.6425109409900865,1.15,5.9,1.0,0.4,0.6460176991150443
SAS,MEM,0.6381276961826782,1.43,2.9,SAS,2025-11-18,1.0,SAS,2025-11-18,0.6381276961826782,1.43,2.9,1.0,0.56,0.6460176991150443
ORL,GSW,0.6550214093420926,2.36,1.62,ORL,2025-11-18,1.0,ORL,2025-11-18,0.6550214093420926,2.36,1.62,1.0,0.6,0.6885245901639344
ATL,DET,0.6240297878509508,1.87,1.95,DET,2025-11-18,0.0,DET,2025-11-18,0.6240297878509508,1.87,1.95,0.0,0.33,0.6460176991150443
POR,PHO,0.5039676226789848,1.7,2.2,PHO,2025-11-18,0.0,PHO,2025-11-18,0.5039676226789848,1.7,2.2,0.0,0.62,0.47701149425287354
CLE,MIL,0.6293195660979071,1.34,3.4,CLE,2025-11-17,1.0,CLE,2025-11-17,0.6293195660979071,1.34,3.4,1.0,0.5,0.6460176991150443
TOR,CHO,0.5880827684802333,1.28,3.8,TOR,2025-11-17,1.0,TOR,2025-11-17,0.5880827684802333,1.28,3.8,1.0,0.42,0.6460176991150443
MIA,NYK,0.4417334268849293,1.8,2.05,MIA,2025-11-17,0.0,MIA,2025-11-17,0.4417334268849293,1.8,2.05,1.0,0.4,0.47701149425287354
PHI,LAC,0.5561960209156651,1.49,2.7,PHI,2025-11-17,1.0,PHI,2025-11-17,0.5561960209156651,1.49,2.7,1.0,0.44,0.6
DEN,CHI,0.7364155786763281,1.12,6.75,CHI,2025-11-17,0.0,CHI,2025-11-17,0.7364155786763281,1.12,6.75,0.0,0.67,0.825
DET,IND,0.6935460609945833,1.18,5.1,DET,2025-11-17,1.0,DET,2025-11-17,0.6935460609945833,1.18,5.1,1.0,0.73,0.7142857142857143
NOP,OKC,0.4102266023794135,11.0,1.06,OKC,2025-11-17,1.0,OKC,2025-11-17,0.4102266023794135,11.0,1.06,0.0,0.42,0.4307692307692308
MIN,DAL,0.6661300361616589,1.11,7.0,MIN,2025-11-17,1.0,MIN,2025-11-17,0.6661300361616589,1.11,7.0,1.0,0.78,0.6885245901639344
SAS,SAC,0.6395957115238391,1.29,3.75,SAS,2025-11-16,1.0,SAS,2025-11-16,0.6395957115238391,1.29,3.75,1.0,0.56,0.6460176991150443
UTA,CHI,0.3720581233611365,2.6,1.52,UTA,2025-11-16,0.0,UTA,2025-11-16,0.3720581233611365,2.6,1.52,1.0,0.33,0.4307692307692308
BOS,LAC,0.652537883108183,1.46,2.8,BOS,2025-11-16,1.0,BOS,2025-11-16,0.652537883108183,1.46,2.8,1.0,0.62,0.6885245901639344
WAS,BRK,0.2487969350647437,1.68,2.24,BRK,2025-11-16,1.0,BRK,2025-11-16,0.2487969350647437,1.68,2.24,0.0,0.4,0.3181818181818182
HOU,ORL,0.7829589481097589,1.32,3.5,HOU,2025-11-16,1.0,HOU,2025-11-16,0.7829589481097589,1.32,3.5,1.0,0.86,0.825
DAL,POR,0.4105428388487596,2.5,1.56,DAL,2025-11-16,0.0,DAL,2025-11-16,0.4105428388487596,2.5,1.56,1.0,0.7,0.4307692307692308
NOP,GSW,0.2617468788427212,4.8,1.2,GSW,2025-11-16,1.0,GSW,2025-11-16,0.2617468788427212,4.8,1.2,0.0,0.42,0.3181818181818182
PHO,ATL,0.6347441961964095,1.95,1.87,ATL,2025-11-16,0.0,ATL,2025-11-16,0.6347441961964095,1.95,1.87,0.0,0.86,0.6460176991150443
CLE,MEM,0.7155037791337401,1.18,5.1,CLE,2025-11-15,1.0,CLE,2025-11-15,0.7155037791337401,1.18,5.1,1.0,0.5,0.7142857142857143
IND,TOR,0.3017992814967251,3.4,1.34,TOR,2025-11-15,1.0,TOR,2025-11-15,0.3017992814967251,3.4,1.34,0.0,0.33,0.3181818181818182
MIN,DEN,0.5010352666728234,1.82,2.02,DEN,2025-11-15,0.0,DEN,2025-11-15,0.5010352666728234,1.82,2.02,0.0,0.78,0.47701149425287354
MIL,LAL,0.4367386943639073,2.0,1.83,LAL,2025-11-15,1.0,LAL,2025-11-15,0.4367386943639073,2.0,1.83,0.0,0.43,0.4307692307692308
CHO,OKC,0.3700161829993335,9.5,1.07,OKC,2025-11-15,1.0,OKC,2025-11-15,0.3700161829993335,9.5,1.07,0.0,0.25,0.3333333333333333
DET,PHI,0.7199655027381294,1.62,2.36,DET,2025-11-14,1.0,DET,2025-11-14,0.7199655027381294,1.62,2.36,1.0,0.73,0.7142857142857143
DAL,LAC,0.6185515436190341,2.14,1.74,LAC,2025-11-14,0.0,LAC,2025-11-14,0.6185515436190341,2.14,1.74,0.0,0.7,0.6460176991150443
ORL,BRK,0.5164012596954913,1.11,7.25,ORL,2025-11-14,1.0,ORL,2025-11-14,0.5164012596954913,1.11,7.25,1.0,0.6,0.47701149425287354
NYK,MIA,0.7155599340355069,1.4,3.05,NYK,2025-11-14,1.0,NYK,2025-11-14,0.7155599340355069,1.4,3.05,1.0,0.5,0.7142857142857143
MIN,SAC,0.7054447551716919,1.16,5.55,MIN,2025-11-14,1.0,MIN,2025-11-14,0.7054447551716919,1.16,5.55,1.0,0.78,0.7142857142857143
MIL,CHO,0.590337852427655,1.26,4.0,MIL,2025-11-14,1.0,MIL,2025-11-14,0.590337852427655,1.26,4.0,1.0,0.43,0.6460176991150443
NOP,LAL,0.3416893981065324,4.6,1.21,LAL,2025-11-14,1.0,LAL,2025-11-14,0.3416893981065324,4.6,1.21,0.0,0.42,0.3333333333333333
HOU,POR,0.4708917171979225,1.32,3.5,HOU,2025-11-14,0.0,HOU,2025-11-14,0.4708917171979225,1.32,3.5,1.0,0.86,0.47701149425287354
SAS,GSW,0.4992273676726272,1.68,2.24,GSW,2025-11-14,1.0,GSW,2025-11-14,0.4992273676726272,1.68,2.24,0.0,0.56,0.47701149425287354
UTA,ATL,0.3587003616855442,2.14,1.74,ATL,2025-11-13,1.0,ATL,2025-11-13,0.3587003616855442,2.14,1.74,0.0,0.33,0.3333333333333333
PHO,IND,0.6633117436802723,1.54,2.54,PHO,2025-11-13,1.0,PHO,2025-11-13,0.6633117436802723,1.54,2.54,1.0,0.86,0.6885245901639344
CLE,TOR,0.5462887408745011,1.35,3.3,TOR,2025-11-13,0.0,TOR,2025-11-13,0.5462887408745011,1.35,3.3,0.0,0.5,0.47701149425287354
DET,CHI,0.6884772230872925,2.02,1.82,DET,2025-11-12,1.0,DET,2025-11-12,0.6884772230872925,2.02,1.82,1.0,0.73,0.7142857142857143
MIA,CLE,0.6460983895391259,1.46,2.8,CLE,2025-11-12,0.0,CLE,2025-11-12,0.6460983895391259,1.46,2.8,0.0,0.4,0.6460176991150443
BOS,MEM,0.6328511537229082,1.34,3.4,BOS,2025-11-12,1.0,BOS,2025-11-12,0.6328511537229082,1.34,3.4,1.0,0.62,0.6460176991150443
NOP,POR,0.3474817057488915,3.75,1.29,POR,2025-11-12,1.0,POR,2025-11-12,0.3474817057488915,3.75,1.29,0.0,0.42,0.3333333333333333
NYK,ORL,0.703071543837119,1.57,2.45,ORL,2025-11-12,0.0,ORL,2025-11-12,0.703071543837119,1.57,2.45,0.0,0.5,0.7142857142857143
DAL,PHO,0.3664953839103627,2.14,1.74,PHO,2025-11-12,1.0,PHO,2025-11-12,0.3664953839103627,2.14,1.74,0.0,0.7,0.3333333333333333
OKC,LAL,0.7465355989813921,1.33,3.45,OKC,2025-11-12,1.0,OKC,2025-11-12,0.7465355989813921,1.33,3.45,1.0,0.69,0.825
SAC,ATL,0.4514234957350022,2.4,1.6,ATL,2025-11-12,1.0,ATL,2025-11-12,0.4514234957350022,2.4,1.6,0.0,0.5,0.47701149425287354
SAS,GSW,0.7352251782418444,1.62,2.36,GSW,2025-11-12,0.0,GSW,2025-11-12,0.7352251782418444,1.62,2.36,0.0,0.56,0.825
HOU,WAS,0.6646212039618211,1.06,10.0,HOU,2025-11-12,1.0,HOU,2025-11-12,0.6646212039618211,1.06,10.0,1.0,0.86,0.6885245901639344
CHO,MIL,0.627190734671952,2.14,1.74,CHO,2025-11-12,1.0,CHO,2025-11-12,0.627190734671952,2.14,1.74,1.0,0.25,0.6460176991150443
LAC,DEN,0.5389823609701524,2.36,1.62,DEN,2025-11-12,0.0,DEN,2025-11-12,0.5389823609701524,2.36,1.62,0.0,0.8,0.47701149425287354
UTA,IND,0.5164903670434183,2.2,1.7,UTA,2025-11-11,1.0,UTA,2025-11-11,0.5164903670434183,2.2,1.7,1.0,0.33,0.47701149425287354
SAC,DEN,0.5092156401051425,3.95,1.27,DEN,2025-11-11,0.0,DEN,2025-11-11,0.5092156401051425,3.95,1.27,0.0,0.5,0.47701149425287354
BRK,TOR,0.5778994078145944,4.5,1.22,TOR,2025-11-11,0.0,TOR,2025-11-11,0.5778994078145944,4.5,1.22,0.0,0.5,0.6
PHI,BOS,0.5935056827013689,2.02,1.82,PHI,2025-11-11,1.0,PHI,2025-11-11,0.5935056827013689,2.02,1.82,1.0,0.44,0.6460176991150443
OKC,GSW,0.7236070734174316,1.33,3.45,OKC,2025-11-11,1.0,OKC,2025-11-11,0.7236070734174316,1.33,3.45,1.0,0.69,0.825
NYK,MEM,0.6932149006391758,1.24,4.3,NYK,2025-11-11,1.0,NYK,2025-11-11,0.6932149006391758,1.24,4.3,1.0,0.5,0.7142857142857143
CHO,LAL,0.5407293330532569,3.8,1.28,LAL,2025-11-10,0.0,LAL,2025-11-10,0.5407293330532569,3.8,1.28,0.0,0.25,0.47701149425287354
LAC,ATL,0.5486662615757796,1.54,2.54,ATL,2025-11-10,0.0,ATL,2025-11-10,0.5486662615757796,1.54,2.54,0.0,0.8,0.47701149425287354
DET,WAS,0.7058761298143654,1.15,5.7,DET,2025-11-10,1.0,DET,2025-11-10,0.7058761298143654,1.15,5.7,1.0,0.73,0.7142857142857143
UTA,MIN,0.416881741710885,3.45,1.33,MIN,2025-11-10,1.0,MIN,2025-11-10,0.416881741710885,3.45,1.33,0.0,0.33,0.4307692307692308
CHI,SAS,0.4651731109225595,2.5,1.56,SAS,2025-11-10,1.0,SAS,2025-11-10,0.4651731109225595,2.5,1.56,0.0,0.5,0.47701149425287354
DAL,MIL,0.3605978240699241,2.24,1.68,MIL,2025-11-10,1.0,MIL,2025-11-10,0.3605978240699241,2.24,1.68,0.0,0.7,0.3333333333333333
ORL,POR,0.469559661970318,1.77,2.1,ORL,2025-11-10,0.0,ORL,2025-11-10,0.469559661970318,1.77,2.1,1.0,0.6,0.47701149425287354
MIA,CLE,0.5673203422888953,3.4,1.34,MIA,2025-11-10,1.0,MIA,2025-11-10,0.5673203422888953,3.4,1.34,1.0,0.4,0.6
PHO,NOP,0.6311135023315002,1.28,3.85,PHO,2025-11-10,1.0,PHO,2025-11-10,0.6311135023315002,1.28,3.85,1.0,0.86,0.6460176991150443
NYK,BRK,0.6976841158110793,1.08,8.5,NYK,2025-11-09,1.0,NYK,2025-11-09,0.6976841158110793,1.08,8.5,1.0,0.5,0.7142857142857143
ORL,BOS,0.5534013386289546,1.65,2.3,BOS,2025-11-09,0.0,BOS,2025-11-09,0.5534013386289546,1.65,2.3,0.0,0.6,0.47701149425287354
GSW,IND,0.622717900862762,1.14,6.0,GSW,2025-11-09,1.0,GSW,2025-11-09,0.622717900862762,1.14,6.0,1.0,0.69,0.6460176991150443
PHI,DET,0.538949161299764,2.36,1.62,DET,2025-11-09,0.0,DET,2025-11-09,0.538949161299764,2.36,1.62,0.0,0.44,0.47701149425287354
MIL,HOU,0.6503297938132581,2.45,1.57,HOU,2025-11-09,0.0,HOU,2025-11-09,0.6503297938132581,2.45,1.57,0.0,0.43,0.6460176991150443
SAC,MIN,0.3733640223820654,2.8,1.46,MIN,2025-11-09,1.0,MIN,2025-11-09,0.3733640223820654,2.8,1.46,0.0,0.5,0.4307692307692308
MEM,OKC,0.4066614141868198,4.8,1.2,OKC,2025-11-09,1.0,OKC,2025-11-09,0.4066614141868198,4.8,1.2,0.0,0.5,0.4307692307692308
LAC,PHO,0.5419451883641284,1.54,2.54,PHO,2025-11-08,0.0,PHO,2025-11-08,0.5419451883641284,1.54,2.54,0.0,0.8,0.47701149425287354
ATL,LAL,0.610435958286012,2.3,1.65,ATL,2025-11-08,1.0,ATL,2025-11-08,0.610435958286012,2.3,1.65,1.0,0.33,0.6460176991150443
WAS,DAL,0.2831689899957275,2.5,1.56,DAL,2025-11-08,1.0,DAL,2025-11-08,0.2831689899957275,2.5,1.56,0.0,0.4,0.3181818181818182
SAS,NOP,0.7080034964934491,1.17,5.25,SAS,2025-11-08,1.0,SAS,2025-11-08,0.7080034964934491,1.17,5.25,1.0,0.56,0.7142857142857143
DEN,IND,0.7128766497631749,1.17,5.4,DEN,2025-11-08,1.0,DEN,2025-11-08,0.7128766497631749,1.17,5.4,1.0,0.67,0.7142857142857143
PHI,TOR,0.5705954453899591,1.52,2.6,PHI,2025-11-08,1.0,PHI,2025-11-08,0.5705954453899591,1.52,2.6,1.0,0.44,0.6
CLE,CHI,0.6546367596810898,1.29,3.75,CLE,2025-11-08,1.0,CLE,2025-11-08,0.6546367596810898,1.29,3.75,1.0,0.5,0.6885245901639344
MIA,POR,0.5550670678251212,2.3,1.65,MIA,2025-11-08,1.0,MIA,2025-11-08,0.5550670678251212,2.3,1.65,1.0,0.4,0.6
MIA,CHO,0.5999896218330998,1.4,3.05,MIA,2025-11-07,1.0,MIA,2025-11-07,0.5999896218330998,1.4,3.05,1.0,0.4,0.6460176991150443
BRK,DET,0.4568638201369034,4.7,1.21,DET,2025-11-07,1.0,DET,2025-11-07,0.4568638201369034,4.7,1.21,0.0,0.5,0.47701149425287354
SAC,OKC,0.62188098132539,5.25,1.17,OKC,2025-11-07,0.0,OKC,2025-11-07,0.62188098132539,5.25,1.17,0.0,0.5,0.6460176991150443
DEN,GSW,0.747001205201082,1.23,4.4,DEN,2025-11-07,1.0,DEN,2025-11-07,0.747001205201082,1.23,4.4,1.0,0.67,0.825
MIL,CHI,0.6314874787116254,1.57,2.45,MIL,2025-11-07,1.0,MIL,2025-11-07,0.6314874787116254,1.57,2.45,1.0,0.43,0.6460176991150443
ORL,BOS,0.4552407515770399,1.62,2.36,ORL,2025-11-07,0.0,ORL,2025-11-07,0.4552407515770399,1.62,2.36,1.0,0.6,0.47701149425287354
MEM,DAL,0.4772347100151228,1.56,2.5,MEM,2025-11-07,0.0,MEM,2025-11-07,0.4772347100151228,1.56,2.5,1.0,0.5,0.47701149425287354
ATL,TOR,0.5027526959136438,1.74,2.14,TOR,2025-11-07,0.0,TOR,2025-11-07,0.5027526959136438,1.74,2.14,0.0,0.33,0.47701149425287354
MIN,UTA,0.579499043203572,1.15,5.9,MIN,2025-11-07,1.0,MIN,2025-11-07,0.579499043203572,1.15,5.9,1.0,0.78,0.6
WAS,CLE,0.2274323176982816,6.75,1.12,CLE,2025-11-07,1.0,CLE,2025-11-07,0.2274323176982816,6.75,1.12,0.0,0.4,0.25
SAS,HOU,0.5557058375026426,2.45,1.57,SAS,2025-11-07,1.0,SAS,2025-11-07,0.5557058375026426,2.45,1.57,1.0,0.56,0.6
PHO,LAC,0.6835258342045505,1.74,2.14,PHO,2025-11-06,1.0,PHO,2025-11-06,0.6835258342045505,1.74,2.14,1.0,0.86,0.6885245901639344
IND,BRK,0.471733248743537,1.37,3.2,BRK,2025-11-05,1.0,BRK,2025-11-05,0.471733248743537,1.37,3.2,0.0,0.33,0.47701149425287354
BOS,WAS,0.6532282128986501,1.15,5.9,BOS,2025-11-05,1.0,BOS,2025-11-05,0.6532282128986501,1.15,5.9,1.0,0.62,0.6885245901639344
DEN,MIA,0.7524935187800198,1.25,4.1,DEN,2025-11-05,1.0,DEN,2025-11-05,0.7524935187800198,1.25,4.1,1.0,0.67,0.825
LAL,SAS,0.7065662934327936,1.74,2.14,LAL,2025-11-05,1.0,LAL,2025-11-05,0.7065662934327936,1.74,2.14,1.0,0.4,0.7142857142857143
MEM,HOU,0.4844785965564552,3.6,1.31,HOU,2025-11-05,1.0,HOU,2025-11-05,0.4844785965564552,3.6,1.31,0.0,0.5,0.47701149425287354
DAL,NOP,0.4533253510804735,1.32,3.5,NOP,2025-11-05,1.0,NOP,2025-11-05,0.4533253510804735,1.32,3.5,0.0,0.7,0.47701149425287354
CLE,PHI,0.6177731617101003,1.24,4.2,CLE,2025-11-05,1.0,CLE,2025-11-05,0.6177731617101003,1.24,4.2,1.0,0.5,0.6460176991150443
POR,OKC,0.5263048426930239,2.6,1.52,POR,2025-11-05,1.0,POR,2025-11-05,0.5263048426930239,2.6,1.52,1.0,0.62,0.47701149425287354
SAC,GSW,0.5553876015483552,1.7,2.2,SAC,2025-11-05,1.0,SAC,2025-11-05,0.5553876015483552,1.7,2.2,1.0,0.5,0.6
NYK,MIN,0.6920965492994933,1.65,2.3,NYK,2025-11-05,1.0,NYK,2025-11-05,0.6920965492994933,1.65,2.3,1.0,0.5,0.7142857142857143
DET,UTA,0.5571330538748205,1.22,4.5,DET,2025-11-05,1.0,DET,2025-11-05,0.5571330538748205,1.22,4.5,1.0,0.73,0.6
LAC,OKC,0.4779194882186819,3.4,1.34,OKC,2025-11-04,1.0,OKC,2025-11-04,0.4779194882186819,3.4,1.34,0.0,0.8,0.47701149425287354
ATL,ORL,0.4853208569147099,2.36,1.62,ATL,2025-11-04,0.0,ATL,2025-11-04,0.4853208569147099,2.36,1.62,1.0,0.33,0.47701149425287354
CHI,PHI,0.5072738274955686,1.87,1.95,CHI,2025-11-04,1.0,CHI,2025-11-04,0.5072738274955686,1.87,1.95,1.0,0.5,0.47701149425287354
GSW,PHO,0.6734516215887786,1.27,3.95,GSW,2025-11-04,1.0,GSW,2025-11-04,0.6734516215887786,1.27,3.95,1.0,0.69,0.6885245901639344
NOP,CHO,0.3454983672038794,1.56,2.5,NOP,2025-11-04,0.0,NOP,2025-11-04,0.3454983672038794,1.56,2.5,1.0,0.42,0.3333333333333333
TOR,MIL,0.6147809401462493,1.65,2.3,TOR,2025-11-04,1.0,TOR,2025-11-04,0.6147809401462493,1.65,2.3,1.0,0.42,0.6460176991150443
IND,MIL,0.5456080787604752,2.85,1.44,MIL,2025-11-03,0.0,MIL,2025-11-03,0.5456080787604752,2.85,1.44,0.0,0.33,0.47701149425287354
DEN,SAC,0.7155677281852099,1.17,5.4,DEN,2025-11-03,1.0,DEN,2025-11-03,0.7155677281852099,1.17,5.4,1.0,0.67,0.7142857142857143
MEM,DET,0.5116766961476504,2.6,1.52,DET,2025-11-03,0.0,DET,2025-11-03,0.5116766961476504,2.6,1.52,0.0,0.5,0.47701149425287354
NYK,WAS,0.7241969928644688,1.15,5.9,NYK,2025-11-03,1.0,NYK,2025-11-03,0.7241969928644688,1.15,5.9,1.0,0.5,0.825
BRK,MIN,0.2987019065839347,3.95,1.27,MIN,2025-11-03,1.0,MIN,2025-11-03,0.2987019065839347,3.95,1.27,0.0,0.5,0.3181818181818182
LAC,MIA,0.5799624496213974,1.31,3.6,MIA,2025-11-03,0.0,MIA,2025-11-03,0.5799624496213974,1.31,3.6,0.0,0.8,0.6
POR,LAL,0.5538324849125705,1.31,3.6,LAL,2025-11-03,0.0,LAL,2025-11-03,0.5538324849125705,1.31,3.6,0.0,0.62,0.47701149425287354
BOS,UTA,0.5919683367907562,1.21,4.6,UTA,2025-11-03,0.0,UTA,2025-11-03,0.5919683367907562,1.21,4.6,0.0,0.62,0.6460176991150443
HOU,DAL,0.7753343552205606,1.14,6.0,HOU,2025-11-03,1.0,HOU,2025-11-03,0.7753343552205606,1.14,6.0,1.0,0.86,0.825
OKC,NOP,0.7995394676642023,1.14,6.0,OKC,2025-11-02,1.0,OKC,2025-11-02,0.7995394676642023,1.14,6.0,1.0,0.69,1.0
PHO,SAS,0.4600147860823708,2.9,1.43,PHO,2025-11-02,0.0,PHO,2025-11-02,0.4600147860823708,2.9,1.43,1.0,0.86,0.47701149425287354
BRK,PHI,0.4653185378976165,2.7,1.49,PHI,2025-11-02,1.0,PHI,2025-11-02,0.4653185378976165,2.7,1.49,0.0,0.5,0.47701149425287354
NYK,CHI,0.5505220794678681,1.37,3.2,NYK,2025-11-02,1.0,NYK,2025-11-02,0.5505220794678681,1.37,3.2,1.0,0.5,0.47701149425287354
CLE,ATL,0.5206512580703963,1.41,3.0,CLE,2025-11-02,1.0,CLE,2025-11-02,0.5206512580703963,1.41,3.0,1.0,0.5,0.47701149425287354
TOR,MEM,0.5141737851662117,1.54,2.54,TOR,2025-11-02,1.0,TOR,2025-11-02,0.5141737851662117,1.54,2.54,1.0,0.42,0.47701149425287354
CHO,UTA,0.5839043500989103,1.83,2.0,CHO,2025-11-02,1.0,CHO,2025-11-02,0.5839043500989103,1.83,2.0,1.0,0.25,0.6
LAL,MIA,0.644215535665562,1.51,2.64,LAL,2025-11-02,1.0,LAL,2025-11-02,0.644215535665562,1.51,2.64,1.0,0.4,0.6460176991150443
IND,GSW,0.579071211353252,4.7,1.21,IND,2025-11-01,1.0,IND,2025-11-01,0.579071211353252,4.7,1.21,1.0,0.33,0.6
MIL,SAC,0.652997097583327,1.44,2.85,SAC,2025-11-01,0.0,SAC,2025-11-01,0.652997097583327,1.44,2.85,0.0,0.43,0.6885245901639344
DET,DAL,0.661284652318056,1.33,3.45,DET,2025-11-01,1.0,DET,2025-11-01,0.661284652318056,1.33,3.45,1.0,0.73,0.6885245901639344
WAS,ORL,0.236669385025153,3.95,1.27,ORL,2025-11-01,1.0,ORL,2025-11-01,0.236669385025153,3.95,1.27,0.0,0.4,0.25
BOS,HOU,0.5435520757893509,2.8,1.46,HOU,2025-11-01,0.0,HOU,2025-11-01,0.5435520757893509,2.8,1.46,0.0,0.62,0.47701149425287354
CHO,MIN,0.6487068804796248,2.8,1.46,MIN,2025-11-01,0.0,MIN,2025-11-01,0.6487068804796248,2.8,1.46,0.0,0.25,0.6460176991150443
IND,ATL,0.5884088246940468,2.24,1.68,ATL,2025-10-31,0.0,ATL,2025-10-31,0.5884088246940468,2.24,1.68,0.0,0.33,0.6460176991150443
PHI,BOS,0.5007377252378408,1.7,2.2,BOS,2025-10-31,0.0,BOS,2025-10-31,0.5007377252378408,1.7,2.2,0.0,0.44,0.47701149425287354
PHO,UTA,0.5554960444064578,1.65,2.3,PHO,2025-10-31,1.0,PHO,2025-10-31,0.5554960444064578,1.65,2.3,1.0,0.86,0.6
LAC,NOP,0.6401064419763015,1.19,5.0,LAC,2025-10-31,1.0,LAC,2025-10-31,0.6401064419763015,1.19,5.0,1.0,0.8,0.6460176991150443
CHI,NYK,0.6968210291210132,2.6,1.52,CHI,2025-10-31,1.0,CHI,2025-10-31,0.6968210291210132,2.6,1.52,1.0,0.5,0.7142857142857143
POR,DEN,0.5552640205054257,2.7,1.49,POR,2025-10-31,1.0,POR,2025-10-31,0.5552640205054257,2.7,1.49,1.0,0.62,0.6
MEM,LAL,0.551317823857397,1.8,2.05,LAL,2025-10-31,0.0,LAL,2025-10-31,0.551317823857397,1.8,2.05,0.0,0.5,0.47701149425287354
CLE,TOR,0.6685391732946139,1.35,3.3,TOR,2025-10-31,0.0,TOR,2025-10-31,0.6685391732946139,1.35,3.3,0.0,0.5,0.6885245901639344
CHO,ORL,0.6841786759261168,2.24,1.68,ORL,2025-10-30,0.0,ORL,2025-10-30,0.6841786759261168,2.24,1.68,0.0,0.25,0.6885245901639344
SAS,MIA,0.7164390958770491,1.42,2.95,SAS,2025-10-30,1.0,SAS,2025-10-30,0.7164390958770491,1.42,2.95,1.0,0.56,0.7142857142857143
OKC,WAS,0.7303121018259949,1.09,8.0,OKC,2025-10-30,1.0,OKC,2025-10-30,0.7303121018259949,1.09,8.0,1.0,0.69,0.825
MIL,GSW,0.6367808565490992,2.3,1.65,MIL,2025-10-30,1.0,MIL,2025-10-30,0.6367808565490992,2.3,1.65,1.0,0.43,0.6460176991150443
DEN,NOP,0.6124042184991795,1.14,6.0,DEN,2025-10-29,1.0,DEN,2025-10-29,0.6124042184991795,1.14,6.0,1.0,0.67,0.6460176991150443
BRK,ATL,0.354995792983917,3.6,1.31,ATL,2025-10-29,1.0,ATL,2025-10-29,0.354995792983917,3.6,1.31,0.0,0.5,0.3333333333333333
BOS,CLE,0.6568043780336956,2.45,1.57,BOS,2025-10-29,1.0,BOS,2025-10-29,0.6568043780336956,2.45,1.57,1.0,0.62,0.6885245901639344
DET,ORL,0.5129327492872349,1.98,1.85,DET,2025-10-29,1.0,DET,2025-10-29,0.5129327492872349,1.98,1.85,1.0,0.73,0.47701149425287354
TOR,HOU,0.4134066798759074,2.7,1.49,HOU,2025-10-29,1.0,HOU,2025-10-29,0.4134066798759074,2.7,1.49,0.0,0.42,0.4307692307692308
UTA,POR,0.5420583033237949,2.24,1.68,POR,2025-10-29,0.0,POR,2025-10-29,0.5420583033237949,2.24,1.68,0.0,0.33,0.47701149425287354
PHO,MEM,0.5067430714098696,2.02,1.82,MEM,2025-10-29,0.0,MEM,2025-10-29,0.5067430714098696,2.02,1.82,0.0,0.86,0.47701149425287354
MIN,LAL,0.4978313353935233,1.37,3.2,LAL,2025-10-29,1.0,LAL,2025-10-29,0.4978313353935233,1.37,3.2,0.0,0.78,0.47701149425287354
DAL,IND,0.3279269420237086,1.4,3.05,DAL,2025-10-29,0.0,DAL,2025-10-29,0.3279269420237086,1.4,3.05,1.0,0.7,0.3333333333333333
CHI,SAC,0.695061342039007,1.51,2.64,CHI,2025-10-29,1.0,CHI,2025-10-29,0.695061342039007,1.51,2.64,1.0,0.5,0.7142857142857143
GSW,LAC,0.5489562733263578,2.05,1.8,GSW,2025-10-28,1.0,GSW,2025-10-28,0.5489562733263578,2.05,1.8,1.0,0.69,0.47701149425287354
OKC,SAC,0.6956613608047013,1.22,4.5,OKC,2025-10-28,1.0,OKC,2025-10-28,0.6956613608047013,1.22,4.5,1.0,0.69,0.7142857142857143
MIL,NYK,0.6100791721032666,2.05,1.8,MIL,2025-10-28,1.0,MIL,2025-10-28,0.6100791721032666,2.05,1.8,1.0,0.43,0.6460176991150443
WAS,PHI,0.3342717835225763,2.5,1.56,PHI,2025-10-28,1.0,PHI,2025-10-28,0.3342717835225763,2.5,1.56,0.0,0.4,0.3333333333333333
MIA,CHO,0.6335698262948327,1.44,2.85,MIA,2025-10-28,1.0,MIA,2025-10-28,0.6335698262948327,1.44,2.85,1.0,0.4,0.6460176991150443
NOP,BOS,0.3443896899698273,1.74,2.14,BOS,2025-10-27,1.0,BOS,2025-10-27,0.3443896899698273,1.74,2.14,0.0,0.42,0.3333333333333333
HOU,BRK,0.4805730839885264,1.07,9.0,HOU,2025-10-27,0.0,HOU,2025-10-27,0.4805730839885264,1.07,9.0,1.0,0.86,0.47701149425287354
CHI,ATL,0.6255320227537459,2.14,1.74,CHI,2025-10-27,1.0,CHI,2025-10-27,0.6255320227537459,2.14,1.74,1.0,0.5,0.6460176991150443
LAL,POR,0.7267535356091751,2.2,1.7,POR,2025-10-27,0.0,POR,2025-10-27,0.7267535356091751,2.2,1.7,0.0,0.4,0.825
MIN,DEN,0.6417247580306555,3.05,1.4,DEN,2025-10-27,0.0,DEN,2025-10-27,0.6417247580306555,3.05,1.4,0.0,0.78,0.6460176991150443
GSW,MEM,0.6635216003488732,1.29,3.7,GSW,2025-10-27,1.0,GSW,2025-10-27,0.6635216003488732,1.29,3.7,1.0,0.69,0.6885245901639344
UTA,PHO,0.5011426492879132,1.85,1.98,UTA,2025-10-27,1.0,UTA,2025-10-27,0.5011426492879132,1.85,1.98,1.0,0.33,0.47701149425287354
DET,CLE,0.513076019664289,2.2,1.7,CLE,2025-10-27,0.0,CLE,2025-10-27,0.513076019664289,2.2,1.7,0.0,0.73,0.47701149425287354
SAS,TOR,0.748654791755525,1.49,2.7,SAS,2025-10-27,1.0,SAS,2025-10-27,0.748654791755525,1.49,2.7,1.0,0.56,0.825
PHI,ORL,0.659285394953311,2.9,1.43,PHI,2025-10-27,1.0,PHI,2025-10-27,0.659285394953311,2.9,1.43,1.0,0.44,0.6885245901639344
DAL,OKC,0.3106524687964385,3.7,1.29,OKC,2025-10-27,1.0,OKC,2025-10-27,0.3106524687964385,3.7,1.29,0.0,0.7,0.3181818181818182
CLE,MIL,0.6196150031502539,1.39,3.1,CLE,2025-10-26,1.0,CLE,2025-10-26,0.6196150031502539,1.39,3.1,1.0,0.5,0.6460176991150443
LAC,POR,0.4940595446935642,1.32,3.5,LAC,2025-10-26,0.0,LAC,2025-10-26,0.4940595446935642,1.32,3.5,1.0,0.8,0.47701149425287354
DAL,TOR,0.3187522368890158,1.87,1.95,DAL,2025-10-26,0.0,DAL,2025-10-26,0.3187522368890158,1.87,1.95,1.0,0.7,0.3333333333333333
SAS,BRK,0.6782102457876245,1.16,5.55,SAS,2025-10-26,1.0,SAS,2025-10-26,0.6782102457876245,1.16,5.55,1.0,0.56,0.6885245901639344
MIA,NYK,0.5535571090181824,2.2,1.7,MIA,2025-10-26,1.0,MIA,2025-10-26,0.5535571090181824,2.2,1.7,1.0,0.4,0.47701149425287354
SAC,LAL,0.459462502237683,2.24,1.68,LAL,2025-10-26,1.0,LAL,2025-10-26,0.459462502237683,2.24,1.68,0.0,0.5,0.47701149425287354
DET,BOS,0.5182374162309578,1.51,2.64,DET,2025-10-26,1.0,DET,2025-10-26,0.5182374162309578,1.51,2.64,1.0,0.73,0.47701149425287354
WAS,CHO,0.5290155118953928,1.77,2.1,CHO,2025-10-26,0.0,CHO,2025-10-26,0.5290155118953928,1.77,2.1,0.0,0.4,0.47701149425287354
MIN,IND,0.6837240315306252,1.17,5.4,MIN,2025-10-26,1.0,MIN,2025-10-26,0.6837240315306252,1.17,5.4,1.0,0.78,0.6885245901639344
ORL,CHI,0.4893812844699602,1.41,3.0,CHI,2025-10-25,1.0,CHI,2025-10-25,0.4893812844699602,1.41,3.0,0.0,0.6,0.47701149425287354
ATL,OKC,0.5140803937138909,3.5,1.32,OKC,2025-10-25,0.0,OKC,2025-10-25,0.5140803937138909,3.5,1.32,0.0,0.33,0.47701149425287354
PHI,CHO,0.6268269368540074,1.51,2.64,PHI,2025-10-25,1.0,PHI,2025-10-25,0.6268269368540074,1.51,2.64,1.0,0.44,0.6460176991150443
MEM,IND,0.5286262464380135,1.74,2.14,MEM,2025-10-25,1.0,MEM,2025-10-25,0.5286262464380135,1.74,2.14,1.0,0.5,0.47701149425287354
DEN,PHO,0.682780981492606,1.12,6.75,DEN,2025-10-25,1.0,DEN,2025-10-25,0.682780981492606,1.12,6.75,1.0,0.67,0.6885245901639344
SAC,UTA,0.3782020573579452,1.83,2.05,SAC,2025-10-24,0.0,SAC,2025-10-24,0.3782020573579452,1.83,2.05,1.0,0.5,0.4307692307692308
BRK,CLE,0.3944473868173287,2.1,1.77,CLE,2025-10-24,1.0,CLE,2025-10-24,0.3944473868173287,2.1,1.77,0.0,0.5,0.4307692307692308
HOU,DET,0.5202169222878452,1.95,2.25,DET,2025-10-24,0.0,DET,2025-10-24,0.5202169222878452,1.95,2.25,0.0,0.86,0.47701149425287354
LAC,PHO,0.3248311083559236,1.23,4.4,LAC,2025-10-24,0.0,LAC,2025-10-24,0.3248311083559236,1.23,4.4,1.0,0.8,0.3333333333333333
DAL,WAS,0.3183073897438852,1.24,4.43,WAS,2025-10-24,1.0,WAS,2025-10-24,0.3183073897438852,1.24,4.43,0.0,0.7,0.3333333333333333
TOR,MIL,0.4861625495813919,1.75,2.2,MIL,2025-10-24,1.0,MIL,2025-10-24,0.4861625495813919,1.75,2.2,0.0,0.42,0.47701149425287354
NYK,BOS,0.6512124624794146,1.67,2.25,NYK,2025-10-24,1.0,NYK,2025-10-24,0.6512124624794146,1.67,2.25,1.0,0.5,0.6885245901639344
MEM,MIA,0.5985323798415145,1.71,2.15,MIA,2025-10-24,0.0,MIA,2025-10-24,0.5985323798415145,1.71,2.15,0.0,0.5,0.6460176991150443
NOP,SAS,0.3606290989589318,1.56,2.5,SAS,2025-10-24,1.0,SAS,2025-10-24,0.3606290989589318,1.56,2.5,0.0,0.42,0.3333333333333333
LAL,MIN,0.5743413818589066,2.05,1.81,LAL,2025-10-24,1.0,LAL,2025-10-24,0.5743413818589066,2.05,1.81,1.0,0.4,0.6
POR,GSW,0.4031212023317619,1.68,2.25,POR,2025-10-24,0.0,POR,2025-10-24,0.4031212023317619,1.68,2.25,1.0,0.62,0.4307692307692308
ORL,ATL,0.5996045065044405,1.42,2.94,ATL,2025-10-24,0.0,ATL,2025-10-24,0.5996045065044405,1.42,2.94,0.0,0.6,0.6460176991150443
GSW,DEN,0.3516259026276808,1.77,2.1,GSW,2025-10-23,0.0,GSW,2025-10-23,0.3516259026276808,1.77,2.1,1.0,0.69,0.3333333333333333
IND,OKC,0.3213069213176888,3.45,1.33,OKC,2025-10-23,1.0,OKC,2025-10-23,0.3213069213176888,3.45,1.33,0.0,0.33,0.3333333333333333
CHO,BRK,0.338739334693389,1.5,2.75,CHO,2025-10-22,0.0,CHO,2025-10-22,0.338739334693389,1.5,2.75,1.0,0.25,0.3333333333333333
PHO,SAC,0.471660898045118,1.55,2.5,PHO,2025-10-22,0.0,PHO,2025-10-22,0.471660898045118,1.55,2.5,1.0,0.86,0.47701149425287354
ATL,TOR,0.2309843114792933,1.44,2.85,TOR,2025-10-22,1.0,TOR,2025-10-22,0.2309843114792933,1.44,2.85,0.0,0.33,0.25
ORL,MIA,0.3839393472255353,1.33,4.1,ORL,2025-10-22,0.0,ORL,2025-10-22,0.3839393472255353,1.33,4.1,1.0,0.6,0.4307692307692308
CHI,DET,0.4555581422788112,2.17,1.81,CHI,2025-10-22,0.0,CHI,2025-10-22,0.4555581422788112,2.17,1.81,1.0,0.5,0.47701149425287354
NYK,CLE,0.489762379089478,1.62,2.5,NYK,2025-10-22,0.0,NYK,2025-10-22,0.489762379089478,1.62,2.5,1.0,0.5,0.47701149425287354
DAL,SAS,0.2982415129131054,1.95,2.2,SAS,2025-10-22,1.0,SAS,2025-10-22,0.2982415129131054,1.95,2.2,0.0,0.7,0.3181818181818182
MEM,NOP,0.5001195066058592,1.53,2.5,MEM,2025-10-22,1.0,MEM,2025-10-22,0.5001195066058592,1.53,2.5,1.0,0.5,0.47701149425287354
UTA,LAC,0.5069791398501519,1.21,4.6,UTA,2025-10-22,1.0,UTA,2025-10-22,0.5069791398501519,1.21,4.6,1.0,0.33,0.47701149425287354
POR,MIN,0.4301687006041267,2.75,1.6,MIN,2025-10-22,1.0,MIN,2025-10-22,0.4301687006041267,2.75,1.6,0.0,0.62,0.4307692307692308
BOS,PHI,0.4871743630287672,1.6,2.42,PHI,2025-10-22,1.0,PHI,2025-10-22,0.4871743630287672,1.6,2.42,0.0,0.62,0.47701149425287354
MIL,WAS,0.5747770484434845,1.22,4.4,MIL,2025-10-22,1.0,MIL,2025-10-22,0.5747770484434845,1.22,4.4,1.0,0.43,0.6
OKC,HOU,0.5314516298892457,1.31,3.6,OKC,2025-10-21,1.0,OKC,2025-10-21,0.5314516298892457,1.31,3.6,1.0,0.69,0.47701149425287354
LAL,GSW,0.3669372941889376,2.1,1.77,GSW,2025-10-21,1.0,GSW,2025-10-21,0.3669372941889376,2.1,1.77,0.0,0.4,0.3333333333333333
MEM,ORL,0.3993185085971389,2.5,1.56,0,2026-01-18 00:00:00,,0,2026-01-18,0.3993185085971389,2.5,1.56,,0.5,0.4307692307692308
CHI,BRK,0.0743464452469788,1.46,2.8,0,2026-01-18 00:00:00,,0,2026-01-18,0.0743464452469788,1.46,2.8,,0.5,0.25
HOU,NOP,0.9530784999569416,1.14,6.0,0,2026-01-18 00:00:00,,0,2026-01-18,0.9530784999569416,1.14,6.0,,0.86,1.0
DEN,CHO,0.5149566975804762,1.68,2.26,0,2026-01-18 00:00:00,,0,2026-01-18,0.5149566975804762,1.68,2.26,,0.67,0.47701149425287354
SAC,POR,0.7864285961732846,,,0,2026-01-18 00:00:00,,0,2026-01-18,0.7864285961732846,,,,0.5,1.0
LAL,TOR,0.3338547849968696,,,0,2026-01-18 00:00:00,,0,2026-01-18,0.3338547849968696,,,,0.4,0.3333333333333333
