home_team,away_team,home_team_prob,odds_1,odds_2,result,date,accuracy,win,prob_platt,prob_iso,kelly_frac_raw,stake_raw,pnl_raw,ev_raw,bank_raw,kelly_frac_platt,stake_platt,pnl_platt,ev_platt,bank_platt,kelly_frac_iso,stake_iso,pnl_iso,ev_iso,bank_iso
NYK,BOS,0.5148,3.0000,1.41,NYK,2025-05-12,1,1,0.6137,0.5815,0.1361,300.0000,600.0000,163.3172,2827.3911,0.2103,300.0000,600.0000,252.3294,6263.6785,0.1862,300.0000,600.0000,223.3937,7237.4576
IND,CLE,0.4523,2.7000,1.49,IND,2025-05-11,0,1,0.6154,0.5815,0.0651,130.4834,221.8218,28.8637,2227.3911,0.1946,300.0000,510.0000,198.5139,5663.6785,0.1677,300.0000,510.0000,171.0544,6637.4576
NYK,BOS,0.5268,3.0000,1.41,BOS,2025-05-10,0,0,0.6134,0.5815,0.1451,300.0000,-300.0000,174.1149,2005.5693,0.2100,300.0000,-300.0000,252.0268,5153.6785,0.1862,300.0000,-300.0000,223.3937,6127.4576
IND,CLE,0.5022,2.7000,1.49,CLE,2025-05-09,0,0,0.6141,0.5815,0.1047,269.6980,-269.6980,96.0311,2305.5693,0.1935,300.0000,-300.0000,197.3813,5453.6785,0.1677,300.0000,-300.0000,171.0544,6427.4576
DEN,OKC,0.3696,2.9500,1.42,DEN,2025-05-09,0,1,0.6178,0.5815,0.0000,0.0000,0.0000,0.0000,2575.2673,0.2109,300.0000,585.0000,246.7178,5753.6785,0.1835,300.0000,585.0000,214.6705,6727.4576
HOU,GSW,0.4340,1.7400,2.14,GSW,2025-05-04,1,0,0.6160,0.5815,0.0000,0.0000,-0.0000,-0.0000,2575.2673,0.0485,263.4211,-263.4211,18.9058,5168.6785,0.0080,49.7661,-49.7661,0.5919,6142.4576
DEN,LAC,0.5753,1.8000,2.05,DEN,2025-05-03,1,1,0.6120,0.5960,0.0222,56.1557,44.9246,1.9940,2575.2673,0.0635,300.0000,240.0000,30.4816,5432.0996,0.0455,271.5888,217.2710,19.7519,6192.2237
DEN,LAC,0.6276,2.1000,1.77,DEN,2025-04-29,1,1,0.6105,0.6429,0.1445,300.0000,330.0000,95.3843,2530.3428,0.1282,300.0000,330.0000,84.6361,5192.0996,0.1591,300.0000,330.0000,105.0000,5974.9527
MIN,LAL,0.6798,1.7100,2.2,MIN,2025-04-27,1,1,0.6091,0.6557,0.1144,232.7319,165.2397,37.7932,2200.3428,0.0292,139.2190,98.8455,5.7781,4862.0996,0.0853,300.0000,213.0000,36.3538,5644.9527
MIL,IND,0.6974,1.5500,2.5,IND,2025-04-27,0,0,0.6086,0.6557,0.0737,161.8388,-161.8388,13.1141,2035.1031,0.0000,0.0000,-0.0000,-0.0000,4763.2540,0.0148,81.5680,-81.5680,1.3274,5431.9527
LAC,DEN,0.8229,1.4000,3.05,DEN,2025-04-26,0,0,0.6050,0.6885,0.1900,300.0000,-300.0000,45.5997,2196.9419,0.0000,0.0000,-0.0000,-0.0000,4763.2540,0.0000,0.0000,-0.0000,-0.0000,5513.5206
ORL,BOS,0.5635,2.8000,1.45,ORL,2025-04-25,1,1,0.6123,0.5960,0.1605,300.0000,540.0000,173.3538,2496.9419,0.1985,300.0000,540.0000,214.3598,4763.2540,0.1857,300.0000,540.0000,200.6061,5513.5206
MIN,LAL,0.6189,1.6100,2.4,MIN,2025-04-25,1,1,0.6108,0.6226,0.0000,0.0000,0.0000,-0.0000,1956.9419,0.0000,0.0000,0.0000,-0.0000,4223.2540,0.0020,9.9871,6.0921,0.0245,4973.5206
LAC,DEN,0.7192,1.4300,2.9,LAC,2025-04-24,1,1,0.6080,0.6696,0.0330,63.7519,27.4133,1.8115,1956.9419,0.0000,0.0000,0.0000,-0.0000,4223.2540,0.0000,0.0000,0.0000,-0.0000,4967.4285
DEN,LAC,0.6539,1.9500,1.87,LAC,2025-04-21,0,0,0.6098,0.6557,0.1448,300.0000,-300.0000,82.5411,1929.5286,0.0995,300.0000,-300.0000,56.7292,4223.2540,0.1466,300.0000,-300.0000,83.5613,4967.4285
HOU,GSW,0.4404,1.8000,2.05,GSW,2025-04-20,1,0,0.6158,0.5815,0.0000,0.0000,-0.0000,-0.0000,2229.5286,0.0678,300.0000,-300.0000,32.5220,4523.2540,0.0292,158.6709,-158.6709,7.4238,5267.4285
ATL,MIA,0.4691,1.9100,1.91,MIA,2025-04-18,1,0,0.6150,0.5815,0.0000,0.0000,-0.0000,-0.0000,2229.5286,0.0959,300.0000,-300.0000,52.3828,4823.2540,0.0609,300.0000,-300.0000,33.2273,5426.0995
CHI,MIA,0.5883,1.8000,2.05,MIA,2025-04-16,0,0,0.6116,0.5960,0.0368,85.2937,-85.2937,5.0285,2229.5286,0.0631,300.0000,-300.0000,30.2841,5123.2540,0.0455,272.6714,-272.6714,19.8306,5726.0995
ATL,ORL,0.6935,2.2500,1.67,ATL,2025-04-13,1,1,0.6087,0.6557,0.2242,300.0000,375.0000,168.1431,2314.8223,0.1478,300.0000,375.0000,110.8578,5423.2540,0.1901,300.0000,375.0000,142.5708,5998.7709
IND,ORL,0.6539,1.6300,2.35,ORL,2025-04-11,0,0,0.6098,0.6557,0.0522,108.9796,-108.9796,7.1723,1977.4495,0.0000,0.0000,-0.0000,-0.0000,5348.2540,0.0545,300.0000,-300.0000,20.6179,5921.5352
NYK,CLE,0.5525,1.8700,1.95,CLE,2025-04-11,0,0,0.6126,0.5815,0.0190,37.6272,-37.6272,1.2458,1939.8223,0.0837,300.0000,-300.0000,43.6928,5048.2540,0.0503,297.7643,-297.7643,26.0532,5623.7709
CHI,MIA,0.5816,2.1500,1.74,CHI,2025-04-09,1,1,0.6118,0.5960,0.1089,201.9654,232.2602,50.5979,2086.4292,0.1371,300.0000,345.0000,94.6268,5348.2540,0.1223,300.0000,345.0000,84.3939,6221.5352
NYK,BOS,0.4888,1.7700,2.1,BOS,2025-04-08,1,0,0.6144,0.5815,0.0000,0.0000,-0.0000,-0.0000,1481.9265,0.0568,268.9876,-268.9876,23.5461,4463.2540,0.0191,100.5618,-100.5618,2.9506,5177.5496
MIL,MIN,0.4987,2.8000,1.45,MIL,2025-04-08,0,1,0.6141,0.5815,0.1101,163.1909,293.7436,64.6946,1775.6701,0.1999,300.0000,540.0000,215.8856,5003.2540,0.1745,300.0000,540.0000,188.5008,5717.5496
ORL,ATL,0.6760,1.6100,2.4,ORL,2025-04-08,1,1,0.6092,0.6557,0.0725,128.6867,78.4989,11.3780,1854.1690,0.0000,0.0000,0.0000,-0.0000,5003.2540,0.0456,260.6322,158.9856,14.4946,5876.5352
ATL,NYK,0.6155,2.4500,1.55,NYK,2025-04-05,0,0,0.6109,0.6226,0.1752,300.0000,-300.0000,152.4079,1481.9265,0.1713,300.0000,-300.0000,148.9915,4732.2416,0.1812,300.0000,-300.0000,157.6415,5278.1114
HOU,OKC,0.6794,3.0000,1.41,HOU,2025-04-04,1,1,0.6091,0.6557,0.2596,300.0000,600.0000,311.4987,1781.9265,0.2068,300.0000,600.0000,248.1677,5032.2416,0.2417,300.0000,600.0000,290.0943,5578.1114
LAL,GSW,0.5480,1.8300,2.0,GSW,2025-04-03,0,0,0.6128,0.5815,0.0018,2.0899,-2.0899,0.0061,1181.9265,0.0731,300.0000,-300.0000,36.4091,4432.2416,0.0387,200.3826,-200.3826,12.8714,4978.1114
TOR,POR,0.4997,2.6000,1.53,POR,2025-04-03,1,0,0.6141,0.5815,0.0935,122.0904,-122.0904,36.5203,1184.0164,0.1865,300.0000,-300.0000,179.0162,4732.2416,0.1600,300.0000,-300.0000,153.6079,5178.4939
ATL,POR,0.7188,1.4800,2.75,POR,2025-04-01,0,0,0.6080,0.6696,0.0664,92.9586,-92.9586,5.9294,1306.1067,0.0000,0.0000,-0.0000,-0.0000,5032.2416,0.0000,0.0000,-0.0000,-0.0000,5478.4939
IND,SAC,0.6674,1.5000,2.65,IND,2025-03-31,1,1,0.6094,0.6557,0.0011,1.8978,0.9489,0.0021,1680.8535,0.0000,0.0000,0.0000,-0.0000,5332.2416,0.0000,0.0000,0.0000,-0.0000,5778.4939
ORL,LAC,0.6374,2.2000,1.71,LAC,2025-03-31,0,0,0.6103,0.6429,0.1676,281.7882,-281.7882,113.3775,1399.0653,0.1427,300.0000,-300.0000,102.7696,5032.2416,0.1726,300.0000,-300.0000,124.2857,5478.4939
PHO,HOU,0.6992,2.1000,1.77,HOU,2025-03-30,0,0,0.6085,0.6667,0.2129,300.0000,-300.0000,140.5064,1679.9046,0.1263,300.0000,-300.0000,83.3667,5332.2416,0.1818,300.0000,-300.0000,120.0000,5778.4939
ORL,SAC,0.6058,1.8700,1.95,ORL,2025-03-29,1,1,0.6111,0.5960,0.0763,141.7233,123.2993,18.8240,1979.9046,0.0821,300.0000,261.0000,42.8531,5632.2416,0.0658,300.0000,261.0000,34.3333,6078.4939
CHI,DAL,0.6881,1.6700,2.25,DAL,2025-03-29,0,0,0.6088,0.6557,0.1113,232.5935,-232.5935,34.6993,1856.6053,0.0125,67.9782,-67.9782,1.1384,5371.2416,0.0709,300.0000,-300.0000,28.4858,5817.4939
MIL,NYK,0.5446,1.9100,1.91,NYK,2025-03-28,0,0,0.6129,0.5815,0.0221,47.1089,-47.1089,1.8907,2089.1988,0.0937,300.0000,-300.0000,51.1714,5439.2198,0.0609,300.0000,-300.0000,33.2273,6117.4939
ORL,DAL,0.7487,1.4000,3.05,DAL,2025-03-27,0,0,0.6071,0.6696,0.0602,113.1763,-113.1763,5.4539,1765.6985,0.0000,0.0000,-0.0000,-0.0000,5289.2198,0.0000,0.0000,-0.0000,-0.0000,5967.4939
CHI,LAL,0.5679,2.5000,1.56,CHI,2025-03-27,1,1,0.6122,0.5960,0.1399,247.0728,370.6092,103.7181,2136.3077,0.1768,300.0000,450.0000,159.1573,5739.2198,0.1633,300.0000,450.0000,146.9697,6417.4939
NYK,LAC,0.6587,2.5500,1.54,LAC,2025-03-26,0,0,0.6097,0.6557,0.2192,300.0000,-300.0000,203.8962,2478.8749,0.1789,300.0000,-300.0000,166.3893,5889.2198,0.2168,300.0000,-300.0000,201.5802,6567.4939
IND,LAL,0.6383,2.0000,1.83,LAL,2025-03-26,0,0,0.6102,0.6557,0.1383,300.0000,-300.0000,82.9842,1878.8749,0.1102,300.0000,-300.0000,66.1394,5289.2198,0.1557,300.0000,-300.0000,93.3962,5967.4939
PHO,BOS,0.6700,2.9500,1.42,BOS,2025-03-26,0,0,0.6093,0.6557,0.2504,300.0000,-300.0000,292.9418,2178.8749,0.2045,300.0000,-300.0000,239.2670,5589.2198,0.2395,300.0000,-300.0000,280.2594,6267.4939
DEN,CHI,0.4545,1.6500,2.3,CHI,2025-03-24,1,0,0.6154,0.5815,0.0000,0.0000,-0.0000,-0.0000,2299.3746,0.0118,65.4259,-65.4259,1.0068,5461.8567,0.0000,0.0000,-0.0000,-0.0000,6201.1049
PHO,MIL,0.6183,1.6700,2.25,PHO,2025-03-24,1,1,0.6108,0.6226,0.0243,66.4183,44.5003,2.1618,2778.8749,0.0149,91.5867,61.3631,1.8343,6189.2198,0.0297,200.0507,134.0340,7.9643,6867.4939
IND,MIN,0.5060,1.7700,2.1,IND,2025-03-24,1,1,0.6139,0.5815,0.0000,0.0000,0.0000,-0.0000,2734.3746,0.0563,300.0000,231.0000,26.0055,6127.8567,0.0191,126.4351,97.3550,3.7097,6733.4600
ORL,LAL,0.6834,2.4500,1.59,ORL,2025-03-24,1,1,0.6090,0.6557,0.2325,300.0000,435.0000,202.2959,2734.3746,0.1696,300.0000,435.0000,147.5885,5896.8567,0.2091,300.0000,435.0000,181.9104,6636.1049
LAC,OKC,0.6737,2.2500,1.67,OKC,2025-03-23,0,0,0.6092,0.6557,0.2063,300.0000,-300.0000,154.7240,2299.3746,0.1483,300.0000,-300.0000,111.2355,5527.2826,0.1901,300.0000,-300.0000,142.5708,6201.1049
TOR,SAS,0.4983,1.8000,2.05,SAS,2025-03-23,1,0,0.6142,0.5815,0.0000,0.0000,-0.0000,-0.0000,2599.3746,0.0659,300.0000,-300.0000,31.6471,5827.2826,0.0292,195.8330,-195.8330,9.1625,6501.1049
ATL,GSW,0.6072,2.2000,1.71,ATL,2025-03-22,1,1,0.6111,0.5960,0.1399,300.0000,360.0000,100.7611,2599.3746,0.1435,300.0000,360.0000,103.3301,6127.2826,0.1296,300.0000,360.0000,93.3333,6696.9379
POR,DEN,0.6188,1.8000,2.05,POR,2025-03-21,1,1,0.6108,0.6226,0.0712,147.3562,117.8850,16.7835,2187.8994,0.0621,300.0000,240.0000,29.8211,5767.2826,0.0755,300.0000,240.0000,36.2264,6336.9379
LAC,MEM,0.7699,1.3600,3.3,LAC,2025-03-21,1,1,0.6065,0.6885,0.0654,142.9868,51.4753,6.7282,2239.3746,0.0000,0.0000,0.0000,-0.0000,5767.2826,0.0000,0.0000,0.0000,-0.0000,6336.9379
LAL,MIL,0.6581,2.8500,1.44,MIL,2025-03-20,0,0,0.6097,0.6557,0.2366,300.0000,-300.0000,262.6635,2070.0144,0.1993,300.0000,-300.0000,221.2731,5527.2826,0.2348,300.0000,-300.0000,260.5896,6096.9379
POR,MEM,0.4410,2.5500,1.54,POR,2025-03-19,0,1,0.6158,0.5815,0.0402,89.6276,138.9227,11.1616,2370.0144,0.1839,300.0000,465.0000,171.0606,5827.2826,0.1558,300.0000,465.0000,144.8847,6396.9379
LAL,DEN,0.5884,2.1000,1.77,LAL,2025-03-19,1,1,0.6116,0.5960,0.1071,242.5924,266.8516,57.1814,2531.0916,0.1293,300.0000,330.0000,85.3292,5662.2826,0.1143,300.0000,330.0000,75.4545,6231.9379
ORL,HOU,0.5989,2.2000,1.71,HOU,2025-03-19,0,0,0.6113,0.5960,0.1324,300.0000,-300.0000,95.3006,2231.0916,0.1437,300.0000,-300.0000,103.4835,5362.2826,0.1296,300.0000,-300.0000,93.3333,5931.9379
LAC,CLE,0.7694,2.2500,1.67,LAC,2025-03-18,1,1,0.6065,0.6885,0.2925,300.0000,375.0000,219.3668,2264.2401,0.1459,300.0000,375.0000,109.4141,5332.2826,0.2197,300.0000,375.0000,164.7541,5901.9379
MIL,OKC,0.6795,2.4500,6.75,OKC,2025-03-16,0,0,0.6091,0.6557,0.2292,300.0000,-300.0000,199.3979,1889.2401,0.1697,300.0000,-300.0000,147.6701,4957.2826,0.2091,300.0000,-300.0000,181.9104,5526.9379
MIL,IND,0.6849,1.6100,2.4,MIL,2025-03-15,1,1,0.6089,0.6557,0.0842,175.3171,106.9434,18.0080,2189.2401,0.0000,0.0000,0.0000,-0.0000,5257.2826,0.0456,258.4325,157.6438,14.3723,5826.9379
ATL,LAC,0.5432,2.6500,1.5,LAC,2025-03-14,0,0,0.6129,0.5815,0.1332,296.9812,-296.9812,130.5362,1932.6908,0.1891,300.0000,-300.0000,187.2574,5214.0361,0.1640,300.0000,-300.0000,162.3311,5468.2941
PHO,SAC,0.6915,1.6700,2.25,PHO,2025-03-14,1,1,0.6087,0.6557,0.1155,223.2923,149.6058,34.5692,2082.2966,0.0124,64.5470,43.2465,1.0707,5257.2826,0.0709,300.0000,201.0000,28.4858,5669.2941
CHI,BRK,0.6033,1.8000,2.05,CHI,2025-03-13,1,1,0.6112,0.5960,0.0538,114.9139,91.9311,9.8835,2229.6720,0.0626,300.0000,240.0000,30.0562,5514.0361,0.0455,252.9954,202.3963,18.3997,5768.2941
BOS,OKC,0.6747,1.7100,2.2,OKC,2025-03-12,0,0,0.6092,0.6557,0.1082,278.3675,-278.3675,42.7762,2293.9429,0.0294,170.3064,-170.3064,7.1101,5622.3147,0.0853,300.0000,-300.0000,36.3538,5865.8978
POR,NYK,0.4817,2.5000,1.56,NYK,2025-03-12,1,0,0.6146,0.5815,0.0681,156.2020,-156.2020,31.9089,2137.7409,0.1789,300.0000,-300.0000,160.9696,5322.3147,0.1513,300.0000,-300.0000,136.1614,5565.8978
DEN,MIN,0.5323,1.6500,2.3,MIN,2025-03-12,0,0,0.6132,0.5815,0.0000,0.0000,-0.0000,-0.0000,2137.7409,0.0091,48.2786,-48.2786,0.5693,5274.0361,0.0000,0.0000,-0.0000,-0.0000,5565.8978
IND,MIL,0.6280,2.2000,1.71,IND,2025-03-11,1,1,0.6105,0.6429,0.1590,300.0000,360.0000,114.5029,2572.3104,0.1430,300.0000,360.0000,102.9440,5792.6211,0.1726,300.0000,360.0000,124.2857,6165.8978
CHI,IND,0.6810,2.9500,1.42,CHI,2025-03-10,1,1,0.6090,0.6557,0.2587,300.0000,585.0000,302.6449,2212.3104,0.2043,300.0000,585.0000,238.9939,5432.6211,0.2395,300.0000,585.0000,280.2594,5805.8978
POR,DET,0.6067,2.1500,1.74,DET,2025-03-09,0,0,0.6111,0.5960,0.1324,248.2858,-248.2858,75.5949,1627.3104,0.1365,300.0000,-300.0000,94.1723,4847.6211,0.1223,300.0000,-300.0000,84.3939,5220.8978
MIL,ORL,0.6705,1.5300,3.2,ORL,2025-03-08,0,0,0.6093,0.6557,0.0244,46.8611,-46.8611,1.2108,1875.5962,0.0000,0.0000,-0.0000,-0.0000,5147.6211,0.0030,16.5097,-16.5097,0.0522,5520.8978
ATL,IND,0.5653,2.2500,1.67,ATL,2025-03-08,1,1,0.6123,0.5960,0.1087,184.0209,230.0261,50.0223,1922.4573,0.1511,300.0000,375.0000,113.2919,5147.6211,0.1364,300.0000,375.0000,102.2727,5537.4076
OKC,POR,0.6183,1.6700,2.25,OKC,2025-03-07,1,1,0.6108,0.6226,0.0243,40.5418,27.1630,1.3226,1692.4312,0.0149,70.6169,47.3133,1.4141,4772.6211,0.0297,150.3814,100.7555,5.9869,5162.4076
ATL,IND,0.5193,2.3500,1.63,ATL,2025-03-06,1,1,0.6136,0.5815,0.0816,122.4203,165.2674,26.9761,1665.2682,0.1637,300.0000,405.0000,132.5690,4725.3077,0.1358,300.0000,405.0000,109.9918,5061.6520
LAL,NYK,0.7746,1.6100,2.4,LAL,2025-03-06,1,1,0.6064,0.6885,0.2026,270.4233,164.9582,66.8272,1500.0008,0.0000,0.0000,0.0000,-0.0000,4320.3077,0.0890,300.0000,183.0000,32.5574,4656.6520
LAC,DET,0.5015,2.5500,1.54,LAC,2025-03-05,1,1,0.6141,0.5815,0.0900,105.4119,163.3884,29.3996,1335.0425,0.1825,300.0000,465.0000,169.7643,4320.3077,0.1558,300.0000,465.0000,144.8847,4473.6520
IND,HOU,0.6600,1.6500,2.3,IND,2025-03-04,1,1,0.6096,0.6557,0.0684,75.3798,48.9969,6.7037,1150.8897,0.0045,17.1124,11.1231,0.1006,3795.3077,0.0630,238.8096,155.2263,19.5441,3948.6520
ATL,MIL,0.5392,2.9000,1.43,MIL,2025-03-04,0,0,0.6130,0.5815,0.1484,204.1214,-204.1214,115.0835,1171.6541,0.2047,300.0000,-300.0000,233.3222,3855.3077,0.1807,300.0000,-300.0000,205.9473,4008.6520
PHO,LAC,0.6322,2.2000,1.71,PHO,2025-03-04,1,1,0.6104,0.6429,0.1628,187.4049,224.8859,73.2385,1375.7756,0.1429,300.0000,360.0000,102.8670,4155.3077,0.1726,300.0000,360.0000,124.2857,4308.6520
PHO,MIN,0.5714,1.8000,2.05,MIN,2025-03-02,0,0,0.6121,0.5960,0.0178,16.2677,-16.2677,0.4630,898.2805,0.0636,230.6362,-230.6362,23.4795,3394.1847,0.0455,162.0679,-162.0679,11.7868,3403.4258
LAL,LAC,0.6319,2.3000,1.65,LAL,2025-03-02,1,1,0.6104,0.6429,0.1744,156.6248,203.6123,71.0040,1101.8928,0.1554,300.0000,390.0000,121.1849,3784.1847,0.1841,300.0000,390.0000,143.5714,3793.4258
BOS,CLE,0.6196,1.8700,1.95,CLE,2025-02-28,0,0,0.6108,0.6226,0.0912,81.1267,-81.1267,12.8746,808.3662,0.0817,272.1472,-272.1472,38.6766,3059.8787,0.0944,300.0000,-300.0000,49.3019,3109.4140
CHI,TOR,0.3807,1.7400,2.15,CHI,2025-02-28,0,1,0.6174,0.5815,0.0000,0.0000,0.0000,0.0000,914.5481,0.0502,175.5975,129.9422,13.0577,3624.8208,0.0080,28.4860,21.0796,0.3388,3565.4937
LAL,LAC,0.5154,2.4500,1.59,LAL,2025-02-28,1,1,0.6137,0.5815,0.0906,73.2289,106.1819,19.2378,914.5481,0.1736,300.0000,435.0000,151.0568,3494.8787,0.1465,300.0000,435.0000,127.4382,3544.4140
MIL,DEN,0.5069,2.3500,1.63,MIL,2025-02-27,1,1,0.6139,0.5815,0.0708,73.0218,98.5794,13.9590,1129.9515,0.1640,300.0000,405.0000,132.8145,3632.0259,0.1358,300.0000,405.0000,109.9918,3709.4140
ORL,GSW,0.6465,2.6000,1.53,GSW,2025-02-27,0,0,0.6100,0.6557,0.2128,240.4586,-240.4586,163.7460,889.4929,0.1831,300.0000,-300.0000,175.8010,3332.0259,0.2202,300.0000,-300.0000,211.4151,3409.4140
HOU,MIL,0.4109,1.6300,2.35,HOU,2025-02-25,0,1,0.6166,0.5815,0.0000,0.0000,0.0000,-0.0000,1031.3720,0.0040,12.9514,8.1594,0.0657,3227.0259,0.0000,0.0000,0.0000,-0.0000,3304.4140
IND,DEN,0.5564,2.6500,1.5,DEN,2025-02-24,0,0,0.6125,0.5815,0.1438,173.1996,-173.1996,82.1816,1031.3720,0.1889,300.0000,-300.0000,186.9633,2992.8399,0.1640,300.0000,-300.0000,162.3311,3165.9119
ATL,MIA,0.4493,1.8700,1.95,ATL,2025-02-24,0,1,0.6155,0.5815,0.0000,0.0000,0.0000,-0.0000,1031.3720,0.0868,259.8007,226.0266,39.2416,3218.8665,0.0503,159.1978,138.5021,13.9292,3304.4140
TOR,PHO,0.4707,2.0000,1.83,TOR,2025-02-23,0,1,0.6149,0.5815,0.0000,0.0000,0.0000,-0.0000,1413.1699,0.1149,300.0000,300.0000,68.9604,3592.8399,0.0815,283.9492,283.9492,46.3113,3765.9119
ATL,DET,0.6085,2.2500,1.67,DET,2025-02-23,0,0,0.6111,0.5960,0.1476,208.5984,-208.5984,76.9781,1204.5716,0.1500,300.0000,-300.0000,112.4732,3292.8399,0.1364,300.0000,-300.0000,102.2727,3465.9119
CHI,PHO,0.3112,2.7000,1.49,PHO,2025-02-22,1,0,0.6194,0.5815,0.0000,0.0000,0.0000,0.0000,1413.1699,0.1978,300.0000,-300.0000,201.7058,3292.8399,0.1677,300.0000,-300.0000,171.0544,3481.9627
ORL,MEM,0.6484,2.3500,1.63,MEM,2025-02-21,0,0,0.6099,0.6557,0.1940,300.0000,-300.0000,157.1030,1413.1699,0.1605,300.0000,-300.0000,130.0143,3859.7485,0.2003,300.0000,-300.0000,162.2406,4081.9627
TOR,MIA,0.3525,2.2500,1.67,MIA,2025-02-21,1,0,0.6182,0.5815,0.0000,0.0000,0.0000,0.0000,1413.1699,0.1564,300.0000,-300.0000,117.3105,3592.8399,0.1234,300.0000,-300.0000,92.5453,3781.9627
HOU,MIN,0.4164,1.6500,2.3,HOU,2025-02-21,0,1,0.6165,0.5815,0.0000,0.0000,0.0000,-0.0000,1413.1699,0.0132,50.9100,33.0915,0.8730,3892.8399,0.0000,0.0000,0.0000,-0.0000,4081.9627
IND,MEM,0.5250,2.1500,1.74,IND,2025-02-20,1,1,0.6134,0.5815,0.0559,90.0368,103.5423,11.5836,1713.1699,0.1386,300.0000,345.0000,95.6524,4159.7485,0.1088,300.0000,345.0000,75.0988,4381.9627
MIL,LAC,0.3754,2.3000,1.65,MIL,2025-02-20,0,1,0.6176,0.5815,0.0000,0.0000,0.0000,0.0000,1609.6276,0.1617,300.0000,390.0000,126.1423,3814.7485,0.1298,300.0000,390.0000,101.2685,4036.9627
ATL,ORL,0.5370,2.0000,1.83,ORL,2025-02-20,0,0,0.6131,0.5815,0.0370,61.8548,-61.8548,4.5780,1609.6276,0.1131,300.0000,-300.0000,67.8461,3424.7485,0.0815,300.0000,-300.0000,48.9292,3646.9627
POR,LAL,0.4729,2.3000,1.65,LAL,2025-02-20,1,0,0.6149,0.5815,0.0337,58.3644,-58.3644,5.1199,1671.4825,0.1593,300.0000,-300.0000,124.2618,3724.7485,0.1298,300.0000,-300.0000,101.2685,3946.9627
HOU,GSW,0.6080,1.7700,2.1,GSW,2025-02-13,0,0,0.6111,0.5960,0.0495,90.0289,-90.0289,6.8587,1729.8469,0.0530,225.2450,-225.2450,18.3841,4024.7485,0.0356,156.8456,-156.8456,8.6027,4246.9627
CHI,DET,0.2833,2.9500,1.42,DET,2025-02-12,1,0,0.6202,0.5815,0.0000,0.0000,0.0000,0.0000,1819.8758,0.2127,300.0000,-300.0000,248.8479,4249.9934,0.1835,300.0000,-300.0000,214.6705,4403.8083
CHI,DET,0.3193,2.6000,1.53,DET,2025-02-11,1,0,0.6192,0.5815,0.0000,0.0000,0.0000,0.0000,2419.8758,0.1906,300.0000,-300.0000,182.9474,5149.9934,0.1600,300.0000,-300.0000,153.6079,5303.8083
PHO,MEM,0.7105,2.5500,1.54,MEM,2025-02-11,0,0,0.6082,0.6696,0.2619,300.0000,-300.0000,243.5682,1819.8758,0.1777,300.0000,-300.0000,165.2726,4549.9934,0.2283,300.0000,-300.0000,212.2768,4703.8083
IND,NYK,0.5997,2.1500,1.74,NYK,2025-02-11,0,0,0.6113,0.5960,0.1258,300.0000,-300.0000,86.7851,2119.8758,0.1367,300.0000,-300.0000,94.3003,4849.9934,0.1223,300.0000,-300.0000,84.3939,5003.8083
MIL,PHI,0.4309,2.0500,1.8,MIL,2025-02-09,0,1,0.6160,0.5815,0.0000,0.0000,0.0000,-0.0000,2419.8758,0.1252,300.0000,315.0000,78.8699,5449.9934,0.0915,300.0000,315.0000,57.6524,5603.8083
ORL,SAS,0.5302,1.6500,2.3,ORL,2025-02-08,1,1,0.6133,0.5815,0.0000,0.0000,0.0000,-0.0000,2854.8758,0.0091,50.6512,32.9233,0.6023,5569.9934,0.0000,0.0000,0.0000,-0.0000,5723.8083
LAL,IND,0.6017,2.5500,1.54,LAL,2025-02-08,1,1,0.6113,0.5960,0.1724,300.0000,465.0000,160.2932,3319.8758,0.1802,300.0000,465.0000,167.6150,6034.9934,0.1676,300.0000,465.0000,155.9091,6188.8083
CHI,GSW,0.5379,2.8000,1.45,GSW,2025-02-08,0,0,0.6131,0.5815,0.1406,300.0000,-300.0000,151.7998,3019.8758,0.1990,300.0000,-300.0000,214.9644,5734.9934,0.1745,300.0000,-300.0000,188.5008,5888.8083
NYK,BOS,0.6890,2.3500,1.63,BOS,2025-02-08,0,0,0.6088,0.6557,0.2293,300.0000,-300.0000,185.7317,2419.8758,0.1595,300.0000,-300.0000,129.2087,5134.9934,0.2003,300.0000,-300.0000,162.2406,5288.8083
PHO,DEN,0.5708,2.5000,1.56,DEN,2025-02-08,0,0,0.6121,0.5960,0.1424,300.0000,-300.0000,128.1307,2719.8758,0.1768,300.0000,-300.0000,159.0957,5434.9934,0.1633,300.0000,-300.0000,146.9697,5588.8083
ATL,MIL,0.4057,2.8000,1.45,ATL,2025-02-07,0,1,0.6168,0.5815,0.0377,100.9098,181.6376,13.7130,2854.8758,0.2019,300.0000,540.0000,218.0724,5537.0702,0.1745,300.0000,540.0000,188.5008,5723.8083
LAC,IND,0.6921,1.4800,2.75,IND,2025-02-06,0,0,0.6087,0.6557,0.0254,69.5445,-69.5445,1.6928,2673.2382,0.0000,0.0000,-0.0000,-0.0000,4997.0702,0.0000,0.0000,-0.0000,-0.0000,5183.8083
MIN,HOU,0.6457,1.9100,1.91,MIN,2025-02-06,1,1,0.6100,0.6557,0.1281,300.0000,273.0000,69.9581,2742.7827,0.0907,300.0000,273.0000,49.5448,4997.0702,0.1386,300.0000,273.0000,75.6934,5183.8083
POR,SAC,0.6579,1.8700,1.95,POR,2025-02-06,1,1,0.6097,0.6557,0.1323,293.1046,255.0010,67.4938,2469.7827,0.0805,300.0000,261.0000,42.0313,4724.0702,0.1299,300.0000,261.0000,67.8255,4910.8083
ATL,SAS,0.5212,2.5000,1.56,SAS,2025-02-05,0,0,0.6135,0.5815,0.1010,248.7114,-248.7114,75.3288,2214.7817,0.1779,300.0000,-300.0000,160.1409,4463.0702,0.1513,300.0000,-300.0000,136.1614,4649.8083
TOR,NYK,0.5880,2.8000,1.45,NYK,2025-02-04,0,0,0.6116,0.5960,0.1796,300.0000,-300.0000,193.9328,2463.4931,0.1979,300.0000,-300.0000,213.7822,4763.0702,0.1857,300.0000,-300.0000,200.6061,4949.8083
CLE,BOS,0.5798,1.8700,1.95,BOS,2025-02-04,0,0,0.6119,0.5960,0.0484,140.4889,-140.4889,11.8260,2763.4931,0.0829,300.0000,-300.0000,43.2629,5063.0702,0.0658,300.0000,-300.0000,34.3333,5249.8083
CHI,MIA,0.4070,2.3500,1.63,CHI,2025-02-04,0,1,0.6167,0.5815,0.0000,0.0000,0.0000,-0.0000,2903.9820,0.1664,300.0000,405.0000,134.7847,5363.0702,0.1358,300.0000,405.0000,109.9918,5549.8083
POR,IND,0.6651,2.7500,1.48,POR,2025-02-04,1,1,0.6095,0.6557,0.2368,300.0000,525.0000,248.6667,2903.9820,0.1932,300.0000,525.0000,202.8212,4958.0702,0.2294,300.0000,525.0000,240.9198,5144.8083
POR,PHO,0.5851,2.7000,1.49,POR,2025-02-03,1,1,0.6117,0.5960,0.1705,300.0000,510.0000,173.9515,2470.3119,0.1917,300.0000,510.0000,195.4985,4433.0702,0.1791,300.0000,510.0000,182.7273,4619.8083
MIN,SAC,0.6955,1.4900,2.7,SAC,2025-02-03,0,0,0.6086,0.6557,0.0370,91.3298,-91.3298,3.3090,2378.9820,0.0000,0.0000,-0.0000,-0.0000,4433.0702,0.0000,0.0000,-0.0000,-0.0000,4619.8083
TOR,LAC,0.5757,2.8000,1.45,TOR,2025-02-02,1,1,0.6120,0.5960,0.1700,255.1259,459.2265,156.1011,1960.3119,0.1982,300.0000,540.0000,214.0734,3923.0702,0.1857,300.0000,540.0000,200.6061,4109.8083
MIL,MEM,0.7140,1.6500,2.3,MEM,2025-02-02,0,0,0.6081,0.6696,0.1370,238.3334,-238.3334,42.4531,1501.0853,0.0026,8.7871,-8.7871,0.0296,3383.0702,0.0807,300.0000,-300.0000,31.4732,3569.8083
POR,PHO,0.4311,2.4500,1.59,POR,2025-02-01,0,1,0.6160,0.5815,0.0194,32.7530,47.4918,1.8387,1739.4187,0.1756,300.0000,435.0000,152.7915,3391.8573,0.1465,300.0000,435.0000,127.4382,3869.8083
TOR,CHI,0.7366,1.5900,2.45,CHI,2025-01-31,0,0,0.6075,0.6696,0.1451,287.2452,-287.2452,49.1931,1691.9269,0.0000,0.0000,-0.0000,-0.0000,2956.8573,0.0549,199.3624,-199.3624,12.9052,3434.8083
POR,ORL,0.5686,2.7000,1.49,POR,2025-01-30,1,1,0.6122,0.5960,0.1574,245.7590,417.7903,131.5190,1979.1720,0.1920,300.0000,510.0000,195.8748,2956.8573,0.1791,300.0000,510.0000,182.7273,3634.1707
PHO,MIN,0.6783,1.9100,1.91,MIN,2025-01-29,0,0,0.6091,0.6557,0.1624,273.3839,-273.3839,80.7878,1410.3422,0.0898,236.6042,-236.6042,38.6603,2398.8269,0.1386,300.0000,-300.0000,75.6934,2912.8585
NYK,DEN,0.7101,1.7100,2.2,NYK,2025-01-29,1,1,0.6082,0.6696,0.1508,212.7318,151.0396,45.5647,1561.3818,0.0282,67.6484,48.0303,2.7090,2446.8573,0.1022,297.6229,211.3123,43.1819,3124.1707
POR,MIL,0.4237,2.8000,1.45,POR,2025-01-28,0,1,0.6162,0.5815,0.0518,79.7344,143.5219,14.8599,1683.7261,0.2015,300.0000,540.0000,217.6492,2635.4311,0.1745,300.0000,540.0000,188.5008,3212.8585
ATL,HOU,0.5114,2.9000,1.43,HOU,2025-01-28,0,0,0.6138,0.5815,0.1271,224.3304,-224.3304,108.3751,1540.2042,0.2053,300.0000,-300.0000,234.0009,2095.4311,0.1807,300.0000,-300.0000,205.9473,2672.8585
TOR,NOP,0.6481,2.2000,1.71,TOR,2025-01-27,1,1,0.6100,0.6557,0.1774,209.6746,251.6095,89.2813,1433.4056,0.1425,248.9940,298.7928,85.1325,2046.6010,0.1844,300.0000,360.0000,132.7358,2612.8585
PHO,LAC,0.6646,2.2000,1.71,PHO,2025-01-27,1,1,0.6095,0.6557,0.1925,275.9408,331.1290,127.4894,1764.5346,0.1420,290.6918,348.8301,99.0931,2395.4311,0.1844,300.0000,360.0000,132.7358,2972.8585
LAC,MIL,0.6868,1.6300,2.25,LAC,2025-01-25,1,1,0.6089,0.6557,0.0949,98.3464,61.9582,11.7546,1098.7235,0.0000,0.0000,0.0000,-0.0000,1327.1713,0.0545,102.4067,64.5162,7.0380,1941.9949
MIN,DEN,0.5735,2.5500,1.51,MIN,2025-01-25,1,1,0.6121,0.5960,0.1492,163.8814,254.0162,75.7762,1352.7397,0.1809,240.0622,372.0965,134.6116,1699.2678,0.1676,300.0000,465.0000,155.9091,2406.9949
CLE,HOU,0.7169,1.6100,2.3,HOU,2025-01-25,0,0,0.6080,0.6696,0.1264,170.9437,-170.9437,26.3543,1181.7960,0.0000,0.0000,-0.0000,-0.0000,1699.2678,0.0640,154.1365,-154.1365,12.0419,2252.8585
ORL,DET,0.3537,1.7100,2.15,ORL,2025-01-25,0,1,0.6182,0.5815,0.0000,0.0000,0.0000,0.0000,1181.7960,0.0402,68.3668,48.5404,3.9059,1747.8082,0.0000,0.0000,0.0000,-0.0000,2252.8585
MIL,MIA,0.7870,1.3700,3.2,MIL,2025-01-23,1,1,0.6060,0.6885,0.1057,105.4181,39.0047,8.2421,1036.7653,0.0000,0.0000,0.0000,-0.0000,1327.1713,0.0000,0.0000,0.0000,-0.0000,1877.4787
IND,SAS,0.7078,1.6700,2.25,SAS,2025-01-23,0,0,0.6083,0.6696,0.1358,156.8059,-156.8059,28.5372,997.7606,0.0118,15.8590,-15.8590,0.2509,1327.1713,0.0883,181.8066,-181.8066,21.5084,1877.4787
LAL,BOS,0.6673,2.6500,1.5,LAL,2025-01-23,1,1,0.6094,0.6557,0.2328,194.2161,320.4566,149.2317,1154.5665,0.1863,191.4170,315.8380,117.7126,1343.0303,0.2235,300.0000,495.0000,221.2500,2059.2853
ATL,DET,0.6045,1.6700,2.25,DET,2025-01-22,0,0,0.6112,0.5960,0.0071,5.5396,-5.5396,0.0525,777.6707,0.0154,13.8870,-13.8870,0.2871,886.1298,0.0000,0.0000,-0.0000,-0.0000,1390.2722
HOU,CLE,0.5326,2.1500,1.74,HOU,2025-01-22,1,1,0.6132,0.5815,0.0631,49.0776,56.4392,7.1236,834.1099,0.1384,122.6631,141.0626,39.0533,1027.1924,0.1088,151.3157,174.0131,37.8788,1564.2853
TOR,ORL,0.4843,2.1000,1.77,TOR,2025-01-21,0,1,0.6146,0.5815,0.0077,5.9866,6.5852,0.1015,783.2103,0.1321,103.7906,114.1697,30.1579,900.0168,0.1006,125.8916,138.4807,27.8538,1390.2722
LAC,LAL,0.6826,1.5900,2.45,LAC,2025-01-19,1,1,0.6090,0.6557,0.0723,53.8754,31.7865,4.5983,776.6251,0.0000,0.0000,0.0000,-0.0000,785.8471,0.0360,44.1476,26.0471,1.8763,1251.7915
OKC,CLE,0.6660,1.7400,2.15,OKC,2025-01-16,1,1,0.6095,0.6557,0.1073,74.0372,54.7876,11.7566,744.8386,0.0408,31.1561,23.0555,1.8834,785.8471,0.0952,108.9773,80.6432,15.3494,1225.7444
DEN,HOU,0.6189,1.8300,2.0,HOU,2025-01-15,0,0,0.6108,0.6226,0.0799,59.8862,-59.8862,7.9385,690.0510,0.0709,58.2251,-58.2251,6.8545,762.7916,0.0840,105.0043,-105.0043,14.6412,1145.1012
CHI,NOP,0.5370,1.8300,2.0,NOP,2025-01-14,0,0,0.6131,0.5815,0.0000,0.0000,-0.0000,-0.0000,665.1642,0.0735,53.0238,-53.0238,6.4652,668.8599,0.0387,40.7276,-40.7276,2.6161,1011.7977
MIL,SAC,0.6444,1.7400,2.15,MIL,2025-01-14,1,1,0.6101,0.6557,0.0820,54.5211,40.3456,6.6140,705.5098,0.0416,27.7960,20.5690,1.7096,689.4289,0.0952,96.2910,71.2554,13.5625,1083.0531
ATL,PHO,0.5004,2.2500,1.67,ATL,2025-01-14,1,1,0.6141,0.5815,0.0504,35.5419,44.4274,4.4763,749.9372,0.1527,105.2702,131.5878,40.1848,821.0167,0.1234,133.6420,167.0525,41.2265,1250.1055
TOR,GSW,0.3625,3.0000,1.37,TOR,2025-01-13,0,1,0.6180,0.5815,0.0000,0.0000,0.0000,0.0000,665.1642,0.2135,107.9930,215.9861,92.2123,721.8837,0.1862,142.7795,285.5591,106.3202,1052.5253
HOU,MEM,0.5486,1.7100,2.2,HOU,2025-01-13,1,1,0.6128,0.5815,0.0000,0.0000,0.0000,-0.0000,665.1642,0.0337,16.6342,11.8103,0.7952,505.8976,0.0000,0.0000,0.0000,-0.0000,766.9662
LAL,SAS,0.6211,1.6700,2.25,SAS,2025-01-13,0,0,0.6107,0.6226,0.0278,19.0208,-19.0208,0.7086,665.1642,0.0148,7.4464,-7.4464,0.1481,494.0873,0.0297,23.4842,-23.4842,0.9349,766.9662
CHI,SAC,0.5645,2.4500,1.59,SAC,2025-01-12,0,0,0.6123,0.5960,0.1320,104.0824,-104.0824,39.8547,684.1850,0.1725,98.5362,-98.5362,49.2830,472.8003,0.1587,144.4199,-144.4199,66.4477,765.8536
ORL,PHI,0.5445,1.8300,1.92,ORL,2025-01-12,1,1,0.6129,0.5815,0.0000,0.0000,0.0000,-0.0000,684.1850,0.0732,34.6187,28.7335,4.2078,501.5337,0.0387,29.6348,24.5969,1.9036,790.4505
POR,MIA,0.5053,2.5500,1.54,MIA,2025-01-11,0,0,0.6140,0.5815,0.0931,80.8946,-80.8946,23.3400,788.2674,0.1825,127.5079,-127.5079,72.1199,571.3364,0.1558,167.9813,-167.9813,81.1264,910.2735
MIN,MEM,0.4991,1.8000,2.05,MEM,2025-01-11,1,0,0.6141,0.5815,0.0000,0.0000,-0.0000,-0.0000,869.1620,0.0659,49.3083,-49.3083,5.1996,698.8443,0.0292,32.4803,-32.4803,1.5197,1078.2548
NYK,OKC,0.5620,2.5000,1.56,OKC,2025-01-10,0,0,0.6124,0.5960,0.1350,135.6942,-135.6942,54.9718,869.1620,0.1770,160.8792,-160.8792,85.4166,748.1526,0.1633,216.7833,-216.7833,106.2019,1110.7351
ORL,MIN,0.5475,2.8500,1.44,MIN,2025-01-09,0,0,0.6128,0.5815,0.1515,179.4004,-179.4004,100.5548,1004.8562,0.2017,229.7303,-229.7303,171.4767,909.0318,0.1777,286.8377,-286.8377,188.5710,1327.5184
DEN,LAC,0.5757,2.1000,1.77,DEN,2025-01-08,1,1,0.6120,0.5960,0.0950,101.8410,112.0251,21.2804,1184.2567,0.1296,129.1937,142.1131,36.8437,1138.7621,0.1143,163.9442,180.3386,41.2344,1614.3561
CLE,OKC,0.6917,1.7100,2.2,CLE,2025-01-08,1,1,0.6087,0.6557,0.1287,126.4258,89.7623,23.1015,1072.2316,0.0288,28.1518,19.9878,1.1523,996.6490,0.0853,115.3844,81.9229,13.9822,1434.0175
DEN,BOS,0.6640,2.8500,1.44,BOS,2025-01-07,0,0,0.6095,0.6557,0.2412,300.0000,-300.0000,267.6935,982.4693,0.1992,242.9726,-242.9726,179.0964,976.6612,0.2348,300.0000,-300.0000,260.5896,1352.0946
MIN,LAC,0.5942,1.7100,2.15,MIN,2025-01-06,1,1,0.6115,0.5960,0.0113,12.7179,9.0297,0.2036,1136.9232,0.0321,32.2176,22.8745,1.4697,1025.7286,0.0134,18.7972,13.3460,0.3589,1411.4983
CHI,SAS,0.5582,2.2500,1.63,CHI,2025-01-06,1,1,0.6125,0.5960,0.1024,116.4369,145.5461,29.8119,1282.4693,0.1512,155.1241,193.9052,58.6498,1219.6338,0.1364,192.4770,240.5963,65.6172,1652.0946
OKC,BOS,0.6856,1.8700,1.87,OKC,2025-01-05,1,1,0.6089,0.6557,0.1621,160.2304,139.4005,45.1924,1127.8935,0.0797,74.7293,65.0145,10.3610,1002.8542,0.1299,163.2169,141.9987,36.9009,1398.1523
IND,PHO,0.6460,1.7700,2.05,IND,2025-01-04,1,1,0.6100,0.6557,0.0932,71.5260,55.0750,10.2629,822.7505,0.0518,34.3389,26.4409,2.7377,689.7306,0.1042,92.2294,71.0166,14.8046,955.8546
CHI,NYK,0.5010,2.8000,1.42,CHI,2025-01-04,1,1,0.6141,0.5815,0.1119,92.0792,165.7425,37.0986,988.4930,0.1998,137.8384,248.1091,99.1661,937.8397,0.1745,166.8328,300.2990,104.8270,1256.1536
TOR,ORL,0.2771,2.0000,1.8,ORL,2025-01-03,1,0,0.6203,0.5815,0.0000,0.0000,0.0000,0.0000,689.1225,0.1203,102.3217,-102.3217,24.6263,747.9670,0.0815,80.3994,-80.3994,13.1129,905.5079
OKC,NYK,0.7653,1.4900,2.6,OKC,2025-01-03,1,1,0.6067,0.6885,0.1431,98.6358,48.3315,13.8356,737.4540,0.0000,0.0000,0.0000,-0.0000,747.9670,0.0264,23.9328,11.7271,0.6199,917.2350
HOU,BOS,0.5368,2.1000,1.73,BOS,2025-01-03,0,0,0.6131,0.5815,0.0579,47.1376,-47.1376,5.9993,767.6755,0.1307,99.6997,-99.6997,28.6610,663.2897,0.1006,98.9374,-98.9374,21.8901,884.8380
LAL,ATL,0.7075,1.7100,2.15,LAL,2025-01-03,1,1,0.6083,0.6696,0.1477,108.9565,77.3591,22.8591,814.8131,0.0283,21.1582,15.0223,0.8499,762.9893,0.1022,93.7190,66.5405,13.5976,983.7755
MIN,BOS,0.3208,2.5000,1.52,BOS,2025-01-02,1,0,0.6191,0.5815,0.0000,0.0000,0.0000,0.0000,689.1225,0.1826,189.9494,-189.9494,104.0554,850.2887,0.1513,175.7473,-175.7473,79.7667,985.9073
TOR,BRK,0.2586,1.7300,2.1,TOR,2025-01-01,0,1,0.6209,0.5815,0.0000,0.0000,0.0000,0.0000,689.1225,0.0507,50.8952,37.1535,3.7702,1040.2382,0.0042,4.8222,3.5202,0.0293,1161.6546
LAL,CLE,0.6329,2.5500,1.54,CLE,2024-12-31,0,0,0.6104,0.6429,0.1980,170.1366,-170.1366,104.4319,689.1225,0.1795,219.4595,-219.4595,122.1254,1003.0847,0.2062,300.0000,-300.0000,191.7857,1158.1344
IND,MIL,0.6083,2.0500,1.8,MIL,2024-12-31,0,0,0.6111,0.5960,0.1176,114.5400,-114.5400,28.2920,859.2591,0.1203,167.2411,-167.2411,42.2628,1222.5442,0.1056,172.1218,-172.1218,38.1624,1458.1344
TOR,ATL,0.3024,1.8300,1.92,ATL,2024-12-29,1,0,0.6196,0.5815,0.0000,0.0000,0.0000,0.0000,973.7990,0.0807,121.9720,-121.9720,16.3360,1389.7853,0.0387,65.6223,-65.6223,4.2152,1630.2562
POR,DAL,0.3390,2.6500,1.47,POR,2024-12-28,0,1,0.6186,0.5815,0.0000,0.0000,0.0000,0.0000,973.7990,0.1937,221.9363,366.1948,141.8900,1511.7573,0.1640,218.8613,361.1211,118.4267,1695.8785
CHI,MIL,0.3270,2.3500,1.59,CHI,2024-12-28,0,1,0.6189,0.5815,0.0000,0.0000,0.0000,0.0000,973.7990,0.1683,157.1374,212.1354,71.4237,1145.5625,0.1358,153.1706,206.7803,56.1583,1334.7573
LAL,SAC,0.6350,1.9200,1.83,LAL,2024-12-28,1,1,0.6103,0.6429,0.1191,104.5123,96.1514,22.8999,973.7990,0.0934,80.2711,73.8494,13.7928,933.4271,0.1273,128.5640,118.2789,30.1207,1127.9770
PHO,DAL,0.5372,1.8300,1.92,DAL,2024-12-27,0,0,0.6131,0.5815,0.0000,0.0000,-0.0000,-0.0000,1175.1119,0.0734,85.4920,-85.4920,10.4233,1078.5075,0.0387,54.3987,-54.3987,3.4942,1351.4294
DEN,CLE,0.6619,2.2000,1.68,CLE,2024-12-27,0,0,0.6096,0.6557,0.1901,206.0032,-206.0032,93.9874,877.6477,0.1421,142.3826,-142.3826,48.5596,859.5776,0.1844,228.2161,-228.2161,100.9749,1009.6981
HOU,MIN,0.6170,1.8300,1.92,MIN,2024-12-27,0,0,0.6108,0.6226,0.0778,91.4610,-91.4610,11.8168,1083.6508,0.0710,76.5472,-76.5472,9.0187,1001.9603,0.0840,113.5152,-113.5152,15.8279,1237.9142
IND,OKC,0.5788,2.8000,1.42,OKC,2024-12-26,0,0,0.6119,0.5960,0.1724,244.8203,-244.8203,151.9602,1175.1119,0.1981,300.0000,-300.0000,213.9990,1255.4377,0.1857,300.0000,-300.0000,200.6061,1462.4165
POR,UTA,0.2115,1.6100,2.3,POR,2024-12-26,0,1,0.6222,0.5815,0.0000,0.0000,0.0000,0.0000,1175.1119,0.0014,1.7332,1.0572,0.0029,1256.4950,0.0000,0.0000,0.0000,-0.0000,1462.4165
ORL,MIA,0.5318,1.8300,1.92,MIA,2024-12-26,0,0,0.6132,0.5815,0.0000,0.0000,-0.0000,-0.0000,1175.1119,0.0736,92.4955,-92.4955,11.3029,1163.9995,0.0387,56.5884,-56.5884,3.6349,1405.8281
PHO,DEN,0.6100,2.2000,1.68,PHO,2024-12-25,1,1,0.6110,0.6226,0.1425,172.7731,207.3277,59.0805,1419.9322,0.1434,190.3510,228.4212,65.5308,1555.4377,0.1541,229.1890,275.0268,84.7567,1762.4165
ATL,MIN,0.5102,2.4000,1.57,ATL,2024-12-23,1,1,0.6138,0.5815,0.0802,87.3934,122.3508,19.6150,1212.6044,0.1690,181.3532,253.8945,85.8143,1327.0165,0.1413,175.4873,245.6822,69.4432,1487.3897
CHI,MIL,0.4513,1.7100,2.15,MIL,2024-12-23,1,0,0.6155,0.5815,0.0000,0.0000,-0.0000,-0.0000,1090.2537,0.0369,41.1702,-41.1702,2.1600,1073.1220,0.0000,0.0000,-0.0000,-0.0000,1241.7075
PHO,DET,0.7032,1.4500,2.8,DET,2024-12-21,0,0,0.6084,0.6696,0.0218,23.9273,-23.9273,0.4684,1076.1663,0.0000,0.0000,-0.0000,-0.0000,1222.2476,0.0000,0.0000,-0.0000,-0.0000,1295.8678
MIL,WAS,0.6666,1.5700,2.4,MIL,2024-12-21,1,1,0.6094,0.6557,0.0408,43.8876,25.0160,2.0424,1100.0935,0.0000,0.0000,0.0000,-0.0000,1222.2476,0.0258,32.9210,18.7650,0.9674,1295.8678
ATL,MEM,0.4005,1.9200,1.83,MEM,2024-12-21,1,0,0.6169,0.5815,0.0000,0.0000,-0.0000,-0.0000,1076.1663,0.1002,122.5203,-122.5203,22.5982,1099.7273,0.0634,82.0998,-82.0998,9.5706,1213.7680
ORL,MIA,0.6108,1.6800,2.2,ORL,2024-12-21,1,1,0.6110,0.6226,0.0193,20.7168,14.0874,0.5424,1090.2537,0.0195,21.4190,14.5649,0.5673,1114.2922,0.0339,41.0876,27.9396,1.8916,1241.7075
MIN,NYK,0.5841,1.7300,2.1,NYK,2024-12-19,0,0,0.6118,0.5960,0.0072,9.5098,-9.5098,0.0994,1318.8727,0.0400,63.3568,-63.3568,3.6961,1522.2476,0.0212,34.2243,-34.2243,1.0613,1577.1028
ORL,OKC,0.5834,2.9500,1.38,OKC,2024-12-19,0,0,0.6118,0.5960,0.1849,243.7951,-243.7951,175.7566,1075.0776,0.2063,300.0000,-300.0000,241.4218,1222.2476,0.1944,300.0000,-300.0000,227.4242,1277.1028
TOR,CHI,0.4320,2.1000,1.73,CHI,2024-12-16,1,0,0.6160,0.5815,0.0000,0.0000,-0.0000,-0.0000,1328.3825,0.1335,244.2295,-244.2295,71.7145,1585.6044,0.1006,180.1692,-180.1692,39.8628,1611.3270
ORL,NYK,0.6860,2.5000,1.52,NYK,2024-12-15,0,0,0.6089,0.6557,0.2383,300.0000,-300.0000,214.5040,1328.3825,0.1741,300.0000,-300.0000,156.6679,1829.8338,0.2131,300.0000,-300.0000,191.7453,1791.4962
LAL,MEM,0.5050,2.5000,1.52,LAL,2024-12-15,1,1,0.6140,0.5815,0.0875,125.9841,188.9761,33.0803,1628.3825,0.1783,299.6312,449.4468,160.2825,2129.8338,0.1513,257.8974,386.8461,117.0523,2091.4962
MIL,ATL,0.7234,1.5200,2.5,MIL,2024-12-14,1,1,0.6078,0.6696,0.0958,131.3331,68.2932,13.0830,1439.4065,0.0000,0.0000,0.0000,-0.0000,1680.3870,0.0172,29.0104,15.0854,0.5180,1704.6502
POR,SAS,0.2250,2.3500,1.59,SAS,2024-12-13,1,0,0.6218,0.5815,0.0000,0.0000,0.0000,0.0000,1371.1133,0.1708,300.0000,-300.0000,138.3608,1680.3870,0.1358,265.4800,-265.4800,97.3354,1689.5648
HOU,GSW,0.5742,1.7700,2.05,HOU,2024-12-11,1,1,0.6120,0.5960,0.0106,14.3552,11.0535,0.2333,1371.1133,0.0541,102.8391,79.1861,8.5666,1980.3870,0.0356,67.7721,52.1845,3.7172,1955.0448
CHI,PHI,0.5841,1.8300,1.92,PHI,2024-12-08,0,0,0.6118,0.5960,0.0415,49.4429,-49.4429,3.4051,1142.2984,0.0720,139.7607,-139.7607,16.7033,1801.4689,0.0546,97.2196,-97.2196,8.8087,1683.9472
LAC,HOU,0.5948,2.2000,1.68,HOU,2024-12-08,0,0,0.6115,0.5960,0.1285,175.7537,-175.7537,54.2119,1191.7414,0.1438,300.0000,-300.0000,103.5611,1941.2296,0.1296,265.2802,-265.2802,82.5316,1781.1667
ORL,PHO,0.7548,1.8300,1.92,ORL,2024-12-08,1,1,0.6070,0.6885,0.2297,262.3630,217.7613,100.0308,1360.0598,0.0667,120.1590,99.7320,13.3044,1901.2009,0.1566,263.7508,218.9131,68.5752,1902.8603
BOS,MEM,0.7583,1.3500,3.1,MEM,2024-12-07,0,0,0.6069,0.6885,0.0340,48.0694,-48.0694,1.1426,1367.4951,0.0000,0.0000,-0.0000,-0.0000,2241.2296,0.0000,0.0000,-0.0000,-0.0000,2046.4469
ATL,LAL,0.6987,1.4400,2.75,ATL,2024-12-06,1,1,0.6085,0.6667,0.0069,9.7215,4.2775,0.0589,1415.5645,0.0000,0.0000,0.0000,-0.0000,2241.2296,0.0000,0.0000,0.0000,-0.0000,2046.4469
CHI,IND,0.6263,2.3000,1.61,IND,2024-12-06,0,0,0.6106,0.6226,0.1694,287.9172,-287.9172,126.8420,1411.2870,0.1555,300.0000,-300.0000,121.2927,2241.2296,0.1662,300.0000,-300.0000,129.6226,2046.4469
POR,UTA,0.3385,1.7100,2.15,UTA,2024-12-06,1,0,0.6186,0.5815,0.0000,0.0000,0.0000,0.0000,1699.2042,0.0407,107.9284,-107.9284,6.2438,2541.2296,0.0000,0.0000,-0.0000,-0.0000,2346.4469
MIL,ATL,0.8031,1.5200,2.5,ATL,2024-12-04,0,0,0.6056,0.6885,0.2122,300.0000,-300.0000,66.2021,1699.2042,0.0000,0.0000,-0.0000,-0.0000,2649.1580,0.0448,109.9655,-109.9655,5.1197,2346.4469
LAC,MIN,0.7475,2.2500,1.63,MIN,2024-12-04,0,0,0.6072,0.6696,0.2728,300.0000,-300.0000,204.5863,1999.2042,0.1464,300.0000,-300.0000,109.8310,2649.1580,0.2027,300.0000,-300.0000,152.0089,2456.4124
NYK,ORL,0.7355,1.4700,2.6,NYK,2024-12-03,1,1,0.6075,0.6696,0.0863,190.7184,89.6377,15.4741,2299.2042,0.0000,0.0000,0.0000,-0.0000,2949.1580,0.0000,0.0000,0.0000,-0.0000,2756.4124
TOR,IND,0.7666,2.2500,1.62,TOR,2024-12-03,1,1,0.6066,0.6885,0.2899,300.0000,375.0000,217.4343,2209.5666,0.1460,300.0000,375.0000,109.4687,2949.1580,0.2197,300.0000,375.0000,164.7541,2756.4124
CLE,BOS,0.5626,1.9200,1.83,CLE,2024-12-01,1,1,0.6124,0.5960,0.0436,38.4721,35.3943,3.0885,917.1635,0.0955,138.8174,127.7120,24.3939,1581.2435,0.0784,96.4387,88.7236,13.9105,1318.9242
HOU,OKC,0.6772,2.0000,1.8,HOU,2024-12-01,1,1,0.6091,0.6557,0.1772,162.5008,162.5008,57.5830,1079.6643,0.1091,172.5753,172.5753,37.6694,1753.8188,0.1557,205.3042,205.3042,63.9155,1524.2284
LAC,DEN,0.6702,2.2500,1.63,LAC,2024-12-01,1,1,0.6093,0.6557,0.2031,219.3324,274.1655,111.3927,1353.8298,0.1484,260.2714,325.3392,96.5624,2079.1580,0.1901,289.7472,362.1840,137.6983,1886.4124
TOR,MIA,0.6454,2.6500,1.47,TOR,2024-12-01,1,1,0.6100,0.6557,0.2152,291.3556,480.7368,206.9172,1834.5666,0.1868,300.0000,495.0000,184.9772,2574.1580,0.2235,300.0000,495.0000,221.2500,2381.4124
ATL,CLE,0.3843,2.9500,1.38,ATL,2024-11-29,0,1,0.6173,0.5815,0.0000,0.0000,0.0000,0.0000,831.6795,0.2106,182.1156,355.1254,149.5500,1220.0383,0.1835,139.3620,271.7558,99.7230,1031.3081
POR,SAC,0.4402,2.6000,1.49,POR,2024-11-29,0,1,0.6158,0.5815,0.0452,37.1387,59.4219,5.3672,881.7691,0.1878,209.9256,335.8809,126.1754,1453.5315,0.1600,156.7199,250.7518,80.2447,1230.2006
LAL,OKC,0.5452,1.8700,1.87,OKC,2024-11-29,0,0,0.6128,0.5815,0.0112,9.3323,-9.3323,0.1822,822.3473,0.0839,102.3877,-102.3877,14.9510,1117.6506,0.0503,51.8593,-51.8593,4.5375,979.4488
PHO,LAL,0.4905,1.7100,2.15,PHO,2024-11-26,0,1,0.6144,0.5815,0.0000,0.0000,0.0000,-0.0000,831.6795,0.0356,30.0550,21.3391,1.5205,864.9129,0.0000,0.0000,0.0000,-0.0000,759.5523
DEN,NYK,0.6596,1.5500,2.45,NYK,2024-11-25,0,0,0.6096,0.6557,0.0203,17.2470,-17.2470,0.3854,831.6795,0.0000,0.0000,-0.0000,-0.0000,843.5739,0.0148,11.4057,-11.4057,0.1856,759.5523
LAL,DEN,0.6813,1.5200,2.5,DEN,2024-11-23,0,0,0.6090,0.6557,0.0343,30.1184,-30.1184,1.0732,848.9265,0.0000,0.0000,-0.0000,-0.0000,1049.0857,0.0000,0.0000,-0.0000,-0.0000,926.2986
CHI,MEM,0.3949,2.7000,1.45,MEM,2024-11-23,1,0,0.6171,0.5815,0.0000,0.0000,0.0000,0.0000,848.9265,0.1959,205.5118,-205.5118,136.8805,843.5739,0.1677,155.3406,-155.3406,88.5723,770.9580
CHI,ATL,0.6109,2.0000,1.8,CHI,2024-11-22,1,1,0.6110,0.6226,0.1109,76.4832,76.4832,16.9685,765.9599,0.1110,85.9217,85.9217,19.0749,859.9782,0.1226,85.5156,85.5156,20.9755,782.7966
LAC,SAC,0.5512,2.3500,1.59,LAC,2024-11-22,1,1,0.6127,0.5815,0.1094,83.7667,113.0851,24.7344,879.0450,0.1629,140.0796,189.1075,61.6065,1049.0857,0.1358,106.2978,143.5020,38.9729,926.2986
LAL,ORL,0.7265,1.4900,2.6,ORL,2024-11-21,0,0,0.6078,0.6696,0.0841,63.3427,-63.3427,5.2231,689.4767,0.0000,0.0000,-0.0000,-0.0000,774.0565,0.0000,0.0000,-0.0000,-0.0000,697.2810
PHO,NYK,0.4860,2.6500,1.47,NYK,2024-11-20,1,0,0.6145,0.5815,0.0872,71.9504,-71.9504,20.7132,752.8194,0.1904,182.0844,-182.0844,114.4294,774.0565,0.1640,136.7581,-136.7581,74.0003,697.2810
LAC,ORL,0.3756,2.3500,1.59,LAC,2024-11-20,0,1,0.6176,0.5815,0.0000,0.0000,0.0000,0.0000,824.7698,0.1672,130.4047,176.0464,58.8577,956.1409,0.1358,95.7105,129.2092,35.0912,834.0391
PHO,ORL,0.4204,2.4500,1.55,ORL,2024-11-18,1,0,0.6163,0.5815,0.0103,6.3644,-6.3644,0.1902,611.3313,0.1759,102.4872,-102.4872,52.2725,480.2385,0.1465,73.7772,-73.7772,31.3401,429.8875
LAC,GSW,0.6409,2.6500,1.47,LAC,2024-11-18,1,1,0.6102,0.6557,0.2116,129.3567,213.4385,90.3264,824.7698,0.1869,89.7793,148.1358,55.3871,628.3743,0.2235,96.0733,158.5210,70.8541,588.4085
TOR,IND,0.3655,2.4000,1.57,TOR,2024-11-18,0,1,0.6179,0.5815,0.0000,0.0000,0.0000,0.0000,824.7698,0.1725,108.3716,151.7202,52.3324,780.0945,0.1413,83.1582,116.4215,32.9071,704.8300
POR,ATL,0.4613,2.4500,1.55,POR,2024-11-17,0,1,0.6152,0.5815,0.0449,26.0235,37.7340,3.3863,617.6958,0.1749,81.3038,117.8905,41.2401,582.7257,0.1465,60.8523,88.2358,25.8497,503.6646
CHI,HOU,0.3515,2.6000,1.49,HOU,2024-11-17,1,0,0.6183,0.5815,0.0000,0.0000,0.0000,0.0000,579.9617,0.1898,108.9227,-108.9227,66.1695,464.8353,0.1600,79.1341,-79.1341,40.5188,415.4288
HOU,LAC,0.7525,1.4700,2.65,HOU,2024-11-15,1,1,0.6070,0.6696,0.1129,59.5339,27.9810,6.3186,555.2528,0.0000,0.0000,0.0000,-0.0000,654.3983,0.0000,0.0000,0.0000,-0.0000,528.7176
TOR,DET,0.3990,2.1500,1.71,DET,2024-11-15,1,0,0.6169,0.5815,0.0000,0.0000,0.0000,0.0000,555.2528,0.1419,92.8725,-92.8725,30.3152,561.5257,0.1088,57.5450,-57.5450,14.4052,471.1726
ORL,PHI,0.6368,1.7100,2.15,ORL,2024-11-15,1,1,0.6103,0.6429,0.0627,34.8013,24.7089,3.0973,579.9617,0.0307,17.2285,12.2322,0.7506,573.7580,0.0699,32.9442,23.3904,3.2709,494.5629
ORL,IND,0.5247,1.8700,1.87,ORL,2024-11-13,1,1,0.6134,0.5815,0.0000,0.0000,0.0000,-0.0000,527.2719,0.0845,51.5319,44.8328,7.5802,654.3983,0.0503,25.4722,22.1608,2.2287,528.7176
POR,MEM,0.5232,1.8700,1.87,MEM,2024-11-10,0,0,0.6135,0.5815,0.0000,0.0000,-0.0000,-0.0000,677.3513,0.0846,62.8235,-62.8235,9.2463,679.8995,0.0503,32.0834,-32.0834,2.8072,605.9485
MIL,BOS,0.5600,2.5500,1.51,BOS,2024-11-10,0,0,0.6124,0.5960,0.1380,93.5065,-93.5065,40.0158,583.8449,0.1812,123.1940,-123.1940,69.1984,556.7055,0.1676,101.5837,-101.5837,52.7928,504.3648
PHO,SAC,0.6630,1.9200,1.83,SAC,2024-11-10,0,0,0.6095,0.6557,0.1483,86.6079,-86.6079,23.6394,497.2369,0.0926,51.5295,-51.5295,8.7762,505.1760,0.1407,70.9586,-70.9586,18.3689,433.4061
IND,NYK,0.4873,2.3000,1.61,IND,2024-11-10,0,1,0.6145,0.5815,0.0465,23.1038,30.0349,2.7911,527.2719,0.1590,80.2996,104.3895,33.1862,609.5655,0.1298,56.2697,73.1507,18.9945,506.5568
CLE,GSW,0.6633,1.5500,2.45,CLE,2024-11-08,1,1,0.6095,0.6557,0.0255,17.0371,9.3704,0.4780,677.3513,0.0000,0.0000,0.0000,-0.0000,730.6328,0.0148,9.3630,5.1496,0.1524,638.0319
DEN,MIA,0.4706,1.6800,2.2,DEN,2024-11-08,0,1,0.6149,0.5815,0.0000,0.0000,0.0000,-0.0000,677.3513,0.0243,17.7797,12.0902,0.5884,742.7229,0.0000,0.0000,0.0000,-0.0000,638.0319
LAC,PHI,0.5289,1.8000,2.0,LAC,2024-11-06,1,1,0.6133,0.5815,0.0000,0.0000,0.0000,-0.0000,667.9809,0.0650,45.1224,36.0979,4.6904,730.6328,0.0292,18.0838,14.4670,0.8461,632.8823
HOU,NYK,0.4024,2.1000,1.73,HOU,2024-11-04,0,1,0.6168,0.5815,0.0000,0.0000,0.0000,-0.0000,667.9809,0.1343,81.2496,89.3746,23.9991,694.5349,0.1006,55.9986,61.5984,12.3898,618.4152
MIL,CLE,0.0631,1.7300,2.1,CLE,2024-11-02,1,0,0.6263,0.5815,0.0000,0.0000,0.0000,0.0000,667.9809,0.0572,46.3704,-46.3704,3.8702,764.7880,0.0042,2.8312,-2.8312,0.0172,677.1286
LAC,OKC,0.2228,2.8500,1.41,OKC,2024-11-02,1,0,0.6218,0.5815,0.0000,0.0000,0.0000,0.0000,667.9809,0.2087,159.6277,-159.6277,123.2756,605.1603,0.1777,120.3117,-120.3117,79.0946,556.8168
ATL,SAC,0.0767,3.0000,1.37,SAC,2024-11-01,1,0,0.6259,0.5815,0.0000,0.0000,0.0000,0.0000,646.5122,0.2194,228.0234,-228.0234,200.1369,811.1583,0.1862,155.5373,-155.5373,115.8202,679.9597
CLE,ORL,0.8331,1.2800,3.45,CLE,2024-11-01,1,1,0.6047,0.6885,0.1186,76.6739,21.4687,5.0922,667.9809,0.0000,0.0000,0.0000,-0.0000,811.1583,0.0000,0.0000,0.0000,-0.0000,679.9597
LAC,PHO,0.4063,2.5500,1.51,PHO,2024-10-31,1,0,0.6167,0.5815,0.0116,7.6176,-7.6176,0.2750,646.5122,0.1847,235.4712,-235.4712,134.8483,1039.1817,0.1558,154.1821,-154.1821,74.4621,835.4971
CHI,ORL,0.5828,2.7500,1.44,CHI,2024-10-30,1,1,0.6118,0.5960,0.1722,110.3233,193.0658,66.5041,833.6171,0.1950,185.3024,324.2792,126.4549,1274.6530,0.1825,136.9180,239.6065,87.4754,989.6792
LAC,POR,0.8825,1.2600,3.7,POR,2024-10-30,0,0,0.6033,0.6885,0.2153,179.4873,-179.4873,20.0957,654.1298,0.0000,0.0000,-0.0000,-0.0000,1274.6530,0.0000,0.0000,-0.0000,-0.0000,989.6792
NYK,CLE,0.4771,1.6800,2.2,CLE,2024-10-28,1,0,0.6148,0.5815,0.0000,0.0000,-0.0000,-0.0000,608.7702,0.0241,23.4795,-23.4795,0.7699,950.3738,0.0000,0.0000,-0.0000,-0.0000,750.0726
BOS,MIL,0.9053,1.2200,4.1,BOS,2024-10-28,1,1,0.6027,0.6885,0.2373,144.4597,31.7811,15.0832,640.5513,0.0000,0.0000,0.0000,-0.0000,950.3738,0.0000,0.0000,0.0000,-0.0000,750.0726
ORL,IND,0.8943,1.4400,2.75,ORL,2024-10-28,1,1,0.6030,0.6885,0.3270,161.3349,70.9873,46.4271,608.7702,0.0000,0.0000,0.0000,-0.0000,973.8533,0.0000,0.0000,0.0000,-0.0000,750.0726
LAL,SAC,0.4431,1.8700,1.87,LAL,2024-10-26,0,1,0.6157,0.5815,0.0000,0.0000,0.0000,-0.0000,452.9810,0.0870,66.3309,57.7079,10.0407,820.1702,0.0503,30.1019,26.1887,2.6338,624.8149
PHO,DAL,0.6109,2.2500,1.63,PHO,2024-10-26,1,1,0.6110,0.6226,0.1498,67.8415,84.8019,25.4010,537.7829,0.1499,122.9465,153.6831,46.0753,973.8533,0.1604,100.2062,125.2577,40.1770,750.0726
LAL,PHO,0.5219,1.8000,2,LAL,2024-10-25,1,1,0.6135,0.5815,0.0000,0.0000,0.0000,-0.0000,511.1884,0.0652,45.3765,36.3012,4.7328,732.3853,0.0292,16.7648,13.4118,0.7844,586.7207
TOR,PHI,0.4645,2.6500,1.47,TOR,2024-10-25,0,1,0.6151,0.5815,0.0700,28.4075,46.8724,6.5575,452.9810,0.1909,110.6979,182.6515,69.7439,762.4623,0.1640,77.2556,127.4717,41.8033,598.6263
POR,NOP,0.6074,3.0000,1.37,NOP,2024-10-25,0,0,0.6111,0.5960,0.2056,105.0798,-105.0798,86.4007,406.1087,0.2083,152.5745,-152.5745,127.1407,579.8108,0.1970,115.5662,-115.5662,91.0522,471.1545
DEN,OKC,0.8488,1.7300,2.1,OKC,2024-10-24,0,0,0.6043,0.6885,0.3208,219.0808,-219.0808,102.6061,511.1884,0.0311,22.3594,-22.3594,1.0160,696.0841,0.1309,86.3667,-86.3667,16.5088,573.3089
LAC,PHO,0.9177,2.3500,1.44,PHO,2024-10-23,0,0,0.6023,0.6885,0.4284,300.0000,-300.0000,346.9924,929.5852,0.1539,162.7282,-162.7282,67.6167,894.6630,0.2289,251.7749,-251.7749,155.6052,848.1543
POR,GSW,0.6328,2.8000,1.42,GSW,2024-10-23,0,0,0.6104,0.6429,0.2144,199.3160,-199.3160,153.8500,730.2692,0.1970,176.2195,-176.2195,124.9542,718.4435,0.2222,188.4787,-188.4787,150.7830,659.6756
BOS,NYK,0.9295,1.3700,3.0,BOS,2024-10-22,1,1,0.6020,0.6885,0.3695,300.0000,111.0000,82.0238,1229.5852,0.0000,0.0000,0.0000,-0.0000,1057.3912,0.0000,0.0000,0.0000,-0.0000,1099.9292
LAL,MIN,0.6760,1.8300,1.92,LAL,2024-10-22,1,1,0.6092,0.6557,0.1429,142.8737,118.5852,33.8854,1118.5852,0.0691,69.1460,57.3912,7.9367,1057.3912,0.1204,120.3967,99.9292,24.0623,1099.9292
