home_team,away_team,home_team_prob,odds 1,odds 2,result,date,accuracy,prob_iso_insample,prob_iso_oos_time,prob_live_oos_proxy,prob_live_safe_pre_clip,prob_base,prob_live_safe,prob_used
LAC,MIN,0.7115126297039801,1.77,2.1,LAC,2026-03-11,1.0,,,,,,,
DEN,HOU,0.5107250397275606,1.4,3.05,DEN,2026-03-11,1.0,,,,,,,
UTA,NYK,0.4469367464277928,7.5,1.1,NYK,2026-03-11,1.0,,,,,,,
NOP,TOR,0.683777868831315,2.1,1.77,NOP,2026-03-11,1.0,,,,,,,
ORL,CLE,0.6348601292402564,2.4,1.6,ORL,2026-03-11,1.0,,,,,,,
SAC,CHO,0.4810777772343665,6.25,1.13,CHO,2026-03-11,1.0,,,,,,,
ATL,DAL,0.7665170466081518,1.24,4.3,ATL,2026-03-10,1.0,,,,,,,
BRK,DET,0.4341042198953746,8.5,1.08,DET,2026-03-10,1.0,,,,,,,
SAS,BOS,0.6940357337160773,1.68,2.24,SAS,2026-03-10,1.0,,,,,,,
HOU,TOR,0.5460414308726544,1.49,2.7,HOU,2026-03-10,1.0,,,,,,,
MIA,WAS,0.7366056037544673,1.09,8.0,MIA,2026-03-10,1.0,,,,,,,
PHI,MEM,0.5271741295867881,1.65,2.3,PHI,2026-03-10,1.0,,,,,,,
GSW,CHI,0.563936209690104,1.42,2.95,CHI,2026-03-10,0.0,,,,,,,
LAL,MIN,0.7222950439602297,2.2,1.7,LAL,2026-03-10,1.0,,,,,,,
POR,CHO,0.5161852438804586,2.3,1.65,CHO,2026-03-10,0.0,,,,,,,
SAC,IND,0.4818083578840299,1.65,2.3,SAC,2026-03-10,0.0,,,,,,,
UTA,GSW,0.4599525690940427,3.2,1.37,UTA,2026-03-09,0.0,,,,,,,
BRK,MEM,0.3562982220612092,2.05,1.8,BRK,2026-03-09,0.0,,,,,,,
CLE,PHI,0.655838683782941,1.14,6.0,CLE,2026-03-09,1.0,,,,,,,
LAC,NYK,0.6568996678480525,2.2,1.7,LAC,2026-03-09,1.0,,,,,,,
OKC,DEN,0.7707819641400924,1.37,3.2,OKC,2026-03-09,1.0,,,,,,,
MIL,ORL,0.4012026714803905,2.36,1.62,ORL,2026-03-08,1.0,,,,,,,
CLE,BOS,0.608291023415958,1.89,1.93,BOS,2026-03-08,0.0,,,,,,,
POR,IND,0.4251661310535732,1.25,4.1,POR,2026-03-08,0.0,,,,,,,
MIA,DET,0.7159183012106347,2.1,1.77,MIA,2026-03-08,1.0,,,,,,,
SAC,CHI,0.3127272246809758,2.14,1.74,SAC,2026-03-08,0.0,,,,,,,
TOR,DAL,0.6645169819308951,1.23,4.4,TOR,2026-03-08,1.0,,,,,,,
NOP,WAS,0.6415081392685195,1.23,4.4,NOP,2026-03-08,1.0,,,,,,,
SAS,HOU,0.6895705300812441,1.46,2.8,SAS,2026-03-08,1.0,,,,,,,
LAL,NYK,0.6449702856891587,2.3,1.65,LAL,2026-03-08,1.0,,,,,,,
MIL,UTA,0.3967456344308742,1.24,4.3,MIL,2026-03-07,0.0,,,,,,,
ATL,PHI,0.6281246709912118,1.36,3.25,ATL,2026-03-07,1.0,,,,,,,
DET,BRK,0.6583461900149258,1.11,7.25,BRK,2026-03-07,0.0,,,,,,,
MIN,ORL,0.6673088187010384,1.36,3.25,ORL,2026-03-07,0.0,,,,,,,
MEM,LAC,0.5655499918869572,3.1,1.39,LAC,2026-03-07,0.0,,,,,,,
OKC,GSW,0.5981417739499767,1.11,7.0,OKC,2026-03-07,1.0,,,,,,,
CHO,MIA,0.6686438621091262,1.34,3.4,MIA,2026-03-06,0.0,,,,,,,
SAS,LAC,0.6271902029347252,1.34,3.35,SAS,2026-03-06,1.0,,,,,,,
BOS,DAL,0.7058595025199461,1.1,7.75,BOS,2026-03-06,1.0,,,,,,,
LAL,IND,0.6744962846741583,1.22,4.5,LAL,2026-03-06,1.0,,,,,,,
HOU,POR,0.6405194159452126,1.43,2.9,HOU,2026-03-06,1.0,,,,,,,
DEN,NYK,0.6674362484640101,2.05,1.8,NYK,2026-03-06,0.0,,,,,,,
SAS,DET,0.7156758371167953,1.65,2.3,SAS,2026-03-05,1.0,,,,,,,
DEN,LAL,0.6107503508684812,1.51,2.64,DEN,2026-03-05,1.0,,,,,,,
MIA,BRK,0.7642614421521541,1.12,6.5,MIA,2026-03-05,1.0,,,,,,,
SAC,NOP,0.3501740495153075,2.8,1.46,NOP,2026-03-05,1.0,,,,,,,
WAS,UTA,0.2718730672913644,1.59,2.42,UTA,2026-03-05,1.0,,,,,,,
MIN,TOR,0.6717354223691623,1.46,2.8,MIN,2026-03-05,1.0,,,,,,,
HOU,GSW,0.6994454130858733,1.26,4.0,GSW,2026-03-05,0.0,,,,,,,
ORL,DAL,0.6280326555749803,1.26,4.0,ORL,2026-03-05,1.0,,,,,,,
PHI,UTA,0.3683376583046255,1.26,4.0,PHI,2026-03-04,0.0,,,,,,,
NYK,OKC,0.7577187852993835,2.45,1.57,OKC,2026-03-04,0.0,,,,,,,
MIL,ATL,0.3789007454788233,1.85,1.98,ATL,2026-03-04,1.0,,,,,,,
MEM,POR,0.7031053730565322,3.8,1.28,POR,2026-03-04,0.0,,,,,,,
LAC,IND,0.6383420620856135,1.15,5.7,LAC,2026-03-04,1.0,,,,,,,
BOS,CHO,0.6232783505815462,1.41,3.0,CHO,2026-03-04,0.0,,,,,,,
CHI,OKC,0.3525368823649131,4.3,1.24,OKC,2026-03-03,1.0,,,,,,,
LAL,NOP,0.5623969931464435,1.29,3.75,LAL,2026-03-03,1.0,,,,,,,
ORL,WAS,0.617020457574671,1.08,8.5,ORL,2026-03-03,1.0,,,,,,,
CLE,DET,0.616511490813082,2.2,1.7,CLE,2026-03-03,1.0,,,,,,,
PHI,SAS,0.5292905743812862,3.45,1.33,SAS,2026-03-03,0.0,,,,,,,
MIN,MEM,0.5089123038069604,1.12,6.5,MIN,2026-03-03,1.0,,,,,,,
TOR,NYK,0.4837485140045267,2.2,1.7,NYK,2026-03-03,1.0,,,,,,,
CHO,DAL,0.800873276015092,1.14,6.0,CHO,2026-03-03,1.0,,,,,,,
MIA,BRK,0.7321082093378113,1.14,6.0,MIA,2026-03-03,1.0,,,,,,,
MIL,BOS,0.4122839742995453,3.5,1.32,BOS,2026-03-02,1.0,,,,,,,
GSW,LAC,0.3467543826034608,1.98,1.85,LAC,2026-03-02,1.0,,,,,,,
WAS,HOU,0.3471952593992446,8.0,1.09,HOU,2026-03-02,1.0,,,,,,,
UTA,DEN,0.5103973214818337,5.1,1.18,DEN,2026-03-02,0.0,,,,,,,
LAC,NOP,0.5074920873060754,1.28,3.85,LAC,2026-03-01,1.0,,,,,,,
DAL,OKC,0.3360984996824493,7.75,1.1,OKC,2026-03-01,1.0,,,,,,,
BRK,CLE,0.3709503739254445,5.4,1.17,CLE,2026-03-01,1.0,,,,,,,
LAL,SAC,0.5319302629081952,1.14,6.0,LAL,2026-03-01,1.0,,,,,,,
DEN,MIN,0.6634374149122526,1.65,2.3,MIN,2026-03-01,0.0,,,,,,,
NYK,SAS,0.6443027972556149,1.98,1.85,NYK,2026-03-01,1.0,,,,,,,
CHI,MIL,0.404963949956704,2.3,1.65,CHI,2026-03-01,0.0,,,,,,,
BOS,PHI,0.7392681811050373,1.28,3.85,BOS,2026-03-01,1.0,,,,,,,
ORL,DET,0.5723095105689341,2.7,1.49,DET,2026-03-01,0.0,,,,,,,
IND,MEM,0.2751956025170305,1.85,1.98,MEM,2026-03-01,1.0,,,,,,,
ATL,POR,0.6147674767849569,1.51,2.64,ATL,2026-03-01,1.0,,,,,,,
UTA,NOP,0.4768216392823853,3.1,1.39,NOP,2026-02-28,1.0,,,,,,,
WAS,TOR,0.3443741394320227,6.75,1.12,TOR,2026-02-28,1.0,,,,,,,
GSW,LAL,0.5388675783530031,2.45,1.57,LAL,2026-02-28,0.0,,,,,,,
CHO,POR,0.6696669706966593,1.34,3.4,CHO,2026-02-28,1.0,,,,,,,
MIA,HOU,0.6298207680718357,2.14,1.74,MIA,2026-02-28,1.0,,,,,,,
DAL,MEM,0.4424808040014081,1.51,2.64,MEM,2026-02-27,1.0,,,,,,,
MIL,NYK,0.6562613011241536,3.6,1.31,NYK,2026-02-27,0.0,,,,,,,
OKC,DEN,0.5994924218801619,1.32,3.5,OKC,2026-02-27,1.0,,,,,,,
DET,CLE,0.6996142871747931,1.41,3.0,DET,2026-02-27,1.0,,,,,,,
BOS,BRK,0.648923862295658,1.07,9.5,BOS,2026-02-27,1.0,,,,,,,
ATL,WAS,0.5838203275887801,1.18,5.1,ATL,2026-02-26,1.0,,,,,,,
ORL,HOU,0.4920255121280372,2.24,1.68,HOU,2026-02-26,1.0,,,,,,,
UTA,NOP,0.4744028601328439,2.6,1.52,NOP,2026-02-26,1.0,,,,,,,
CHI,POR,0.3053751505318968,2.5,1.56,POR,2026-02-26,1.0,,,,,,,
IND,CHO,0.3345832966953802,6.5,1.12,CHO,2026-02-26,1.0,,,,,,,
PHI,MIA,0.586889061119219,1.68,2.24,PHI,2026-02-26,1.0,,,,,,,
DAL,SAC,0.4677793711981593,1.37,3.2,SAC,2026-02-26,1.0,,,,,,,
BRK,SAS,0.3971685740349428,5.9,1.15,SAS,2026-02-26,1.0,,,,,,,
LAC,MIN,0.5754480865139868,2.8,1.46,MIN,2026-02-26,0.0,,,,,,,
TOR,SAS,0.4979816908727596,3.5,1.32,SAS,2026-02-25,1.0,,,,,,,
MIL,CLE,0.5795613011016842,3.7,1.29,MIL,2026-02-25,1.0,,,,,,,
HOU,SAC,0.5625627291492247,1.11,7.25,HOU,2026-02-25,1.0,,,,,,,
MEM,GSW,0.5166405624919109,2.42,1.59,GSW,2026-02-25,0.0,,,,,,,
DEN,BOS,0.5250752204130746,1.62,2.36,DEN,2026-02-25,1.0,,,,,,,
DET,OKC,0.7129068768660551,1.32,3.5,DET,2026-02-25,1.0,,,,,,,
BRK,DAL,0.3057210432162362,2.1,1.77,DAL,2026-02-24,1.0,,,,,,,
NOP,GSW,0.5096908040870157,2.05,1.8,NOP,2026-02-24,1.0,,,,,,,
MIL,MIA,0.5384495920959573,3.05,1.4,MIL,2026-02-24,1.0,,,,,,,
TOR,OKC,0.5853295095097145,1.85,1.98,OKC,2026-02-24,0.0,,,,,,,
LAL,ORL,0.4567831770827029,1.49,2.7,ORL,2026-02-24,1.0,,,,,,,
POR,MIN,0.8471980325251627,3.15,1.38,MIN,2026-02-24,0.0,,,,,,,
CHI,CHO,0.2458631967211901,3.7,1.29,CHO,2026-02-24,1.0,,,,,,,
CLE,NYK,0.6255830103103637,1.59,2.42,CLE,2026-02-24,1.0,,,,,,,
ATL,WAS,0.5139355958114352,1.13,6.25,ATL,2026-02-24,1.0,,,,,,,
IND,PHI,0.359178375967842,4.5,1.22,PHI,2026-02-24,1.0,,,,,,,
HOU,UTA,0.5076411241491217,1.12,6.75,HOU,2026-02-23,1.0,,,,,,,
DET,SAS,0.6899708977405632,1.85,1.98,SAS,2026-02-23,0.0,,,,,,,
MEM,SAC,0.4694291551033966,1.65,2.3,SAC,2026-02-23,1.0,,,,,,,
GSW,DEN,0.4879388065053645,3.0,1.41,GSW,2026-02-22,0.0,,,,,,,
LAC,ORL,0.5273605292456641,1.74,2.14,ORL,2026-02-22,0.0,,,,,,,
MIL,TOR,0.6195942210312163,2.3,1.65,TOR,2026-02-22,0.0,,,,,,,
WAS,CHO,0.3552751316353956,5.4,1.17,CHO,2026-02-22,1.0,,,,,,,
MIN,PHI,0.6489293703123746,1.28,3.8,PHI,2026-02-22,0.0,,,,,,,
CHI,NYK,0.3346996384942836,4.6,1.21,NYK,2026-02-22,1.0,,,,,,,
OKC,CLE,0.6679435749941155,2.54,1.54,OKC,2026-02-22,1.0,,,,,,,
IND,DAL,0.559111866138641,2.1,1.77,DAL,2026-02-22,0.0,,,,,,,
ATL,BRK,0.5258294423123733,1.24,4.2,ATL,2026-02-22,1.0,,,,,,,
LAL,BOS,0.5448452545376012,2.1,1.77,BOS,2026-02-22,0.0,,,,,,,
CHI,DET,0.2859347771660154,5.1,1.18,DET,2026-02-21,1.0,,,,,,,
NOP,PHI,0.6485114080076048,2.36,1.62,NOP,2026-02-21,1.0,,,,,,,
MIA,MEM,0.6771672432085379,1.21,4.7,MIA,2026-02-21,1.0,,,,,,,
SAS,SAC,0.7456485033930075,1.06,11.0,SAS,2026-02-21,1.0,,,,,,,
NYK,HOU,0.7290922918988072,1.62,2.36,NYK,2026-02-21,1.0,,,,,,,
NOP,MIL,0.5506176402941556,1.57,2.45,MIL,2026-02-20,0.0,,,,,,,
POR,DEN,0.3918619073056736,2.02,1.82,DEN,2026-02-20,1.0,,,,,,,
MEM,UTA,0.4027672444794524,1.77,2.1,MEM,2026-02-20,0.0,,,,,,,
WAS,IND,0.3245001124409135,1.89,1.93,WAS,2026-02-20,0.0,,,,,,,
OKC,BRK,0.6614586355724591,1.06,10.0,OKC,2026-02-20,1.0,,,,,,,
MIN,DAL,0.7041472533347187,1.14,6.0,MIN,2026-02-20,1.0,,,,,,,
CHO,CLE,0.5922386099019221,2.85,1.44,CLE,2026-02-20,0.0,,,,,,,
ATL,MIA,0.499905986653631,2.4,1.6,MIA,2026-02-20,1.0,,,,,,,
LAL,LAC,0.5167006246892566,1.34,3.4,LAL,2026-02-20,1.0,,,,,,,
LAL,DAL,0.5397226241663134,1.32,3.5,LAL,2026-02-12,1.0,,,,,,,
OKC,MIL,0.6602974111423876,1.14,6.0,MIL,2026-02-12,0.0,,,,,,,
UTA,POR,0.6218630445180088,3.45,1.33,POR,2026-02-12,0.0,,,,,,,
BRK,IND,0.3602354117267846,1.43,2.9,IND,2026-02-11,1.0,,,,,,,
CHO,ATL,0.6973698610287882,1.56,2.5,CHO,2026-02-11,1.0,,,,,,,
UTA,SAC,0.5147388291032408,1.46,2.8,UTA,2026-02-11,1.0,,,,,,,
CLE,WAS,0.7386420655838472,1.1,7.5,CLE,2026-02-11,1.0,,,,,,,
ORL,MIL,0.5947849038510592,1.19,5.0,MIL,2026-02-11,0.0,,,,,,,
BOS,CHI,0.6944311847035524,1.14,6.0,BOS,2026-02-11,1.0,,,,,,,
NOP,MIA,0.6192127129485656,1.82,2.02,MIA,2026-02-11,0.0,,,,,,,
MIN,POR,0.5695726085660121,1.43,2.9,MIN,2026-02-11,1.0,,,,,,,
HOU,LAC,0.5789956494191703,1.27,3.95,LAC,2026-02-11,0.0,,,,,,,
DEN,MEM,0.6100833380616253,1.15,5.9,DEN,2026-02-11,1.0,,,,,,,
GSW,SAS,0.4973458715337455,3.15,1.38,SAS,2026-02-11,1.0,,,,,,,
PHI,NYK,0.6502050659441615,1.74,2.14,NYK,2026-02-11,0.0,,,,,,,
TOR,DET,0.5898781122279736,1.91,1.91,DET,2026-02-11,0.0,,,,,,,
HOU,LAC,0.4866173277743253,1.34,3.35,HOU,2026-02-10,0.0,,,,,,,
LAL,SAS,0.5940082036537795,3.7,1.29,SAS,2026-02-10,0.0,,,,,,,
NYK,IND,0.7604360776879109,1.17,5.4,IND,2026-02-10,0.0,,,,,,,
NOP,SAC,0.5205870497597209,1.31,3.6,NOP,2026-02-09,1.0,,,,,,,
GSW,MEM,0.4961315605251806,1.25,4.1,GSW,2026-02-09,0.0,,,,,,,
DEN,CLE,0.5753255173681295,1.89,1.93,CLE,2026-02-09,0.0,,,,,,,
LAL,OKC,0.6286714016013034,3.1,1.39,OKC,2026-02-09,0.0,,,,,,,
MIA,UTA,0.7057925457545541,1.35,3.3,UTA,2026-02-09,0.0,,,,,,,
MIN,ATL,0.5950063493387269,1.4,3.05,MIN,2026-02-09,1.0,,,,,,,
CHO,DET,0.6654623966572385,2.24,1.68,DET,2026-02-09,0.0,,,,,,,
POR,PHI,0.448644980335776,2.3,1.65,POR,2026-02-09,0.0,,,,,,,
BRK,CHI,0.4285262607928319,2.45,1.57,BRK,2026-02-09,0.0,,,,,,,
ORL,MIL,0.3933342337194163,1.2,4.8,ORL,2026-02-09,0.0,,,,,,,
BOS,NYK,0.7931941483086931,1.65,2.3,NYK,2026-02-08,0.0,,,,,,,
WAS,MIA,0.4339778549919854,6.25,1.13,MIA,2026-02-08,1.0,,,,,,,
TOR,IND,0.6208807689036732,1.24,4.3,TOR,2026-02-08,1.0,,,,,,,
MIN,LAC,0.5875339547368009,1.27,3.95,LAC,2026-02-08,0.0,,,,,,,
SAC,CLE,0.2988652204700197,5.7,1.15,CLE,2026-02-07,1.0,,,,,,,
CHI,DEN,0.3960177395531517,2.8,1.46,DEN,2026-02-07,1.0,,,,,,,
ATL,CHO,0.5660213170035407,2.2,1.7,CHO,2026-02-07,0.0,,,,,,,
OKC,HOU,0.711430153009834,1.65,2.3,HOU,2026-02-07,0.0,,,,,,,
ORL,UTA,0.4014877038830071,1.36,3.25,ORL,2026-02-07,0.0,,,,,,,
POR,MEM,0.5469753928989627,1.29,3.75,POR,2026-02-07,1.0,,,,,,,
BRK,WAS,0.2537838804426119,1.43,2.9,BRK,2026-02-07,0.0,,,,,,,
SAS,DAL,0.6938866988062153,1.24,4.2,SAS,2026-02-07,1.0,,,,,,,
LAL,GSW,0.5822084525582112,1.74,2.14,LAL,2026-02-07,1.0,,,,,,,
MIN,NOP,0.6371769021934708,1.24,4.2,NOP,2026-02-06,0.0,,,,,,,
MIL,IND,0.44734924113981,1.89,1.93,MIL,2026-02-06,0.0,,,,,,,
POR,MEM,0.4502961011509314,1.34,3.4,POR,2026-02-06,0.0,,,,,,,
BOS,MIA,0.7217811768499975,1.42,2.95,BOS,2026-02-06,1.0,,,,,,,
SAC,LAC,0.5057894782995815,2.5,1.56,LAC,2026-02-06,0.0,,,,,,,
DET,NYK,0.6510377900292282,2.0,1.83,DET,2026-02-06,1.0,,,,,,,
HOU,CHO,0.6024959672444411,1.59,2.42,CHO,2026-02-05,0.0,,,,,,,
LAL,PHI,0.5183653421901083,1.56,2.5,LAL,2026-02-05,1.0,,,,,,,
DET,WAS,0.7799379198071666,1.11,7.0,WAS,2026-02-05,0.0,,,,,,,
ORL,BRK,0.4218312465783495,1.27,3.95,ORL,2026-02-05,0.0,,,,,,,
ATL,UTA,0.4961240920637453,1.28,3.85,ATL,2026-02-05,0.0,,,,,,,
DAL,SAS,0.5609768501196303,3.2,1.37,SAS,2026-02-05,0.0,,,,,,,
TOR,CHI,0.6195109256302025,1.29,3.7,TOR,2026-02-05,1.0,,,,,,,
TOR,MIN,0.6169569926483465,2.05,1.8,MIN,2026-02-04,0.0,,,,,,,
LAC,CLE,0.547713078067294,2.2,1.7,CLE,2026-02-04,0.0,,,,,,,
SAC,MEM,0.3274792042443493,1.89,1.93,MEM,2026-02-04,1.0,,,,,,,
SAS,OKC,0.5730044544827765,2.1,1.77,SAS,2026-02-04,1.0,,,,,,,
MIL,NOP,0.4272770576967197,2.6,1.52,MIL,2026-02-04,0.0,,,,,,,
HOU,BOS,0.5933675669712338,1.51,2.64,BOS,2026-02-04,0.0,,,,,,,
NYK,DEN,0.6851284054406717,1.42,2.95,NYK,2026-02-04,1.0,,,,,,,
GSW,PHI,0.5377031362813611,1.65,2.3,PHI,2026-02-03,0.0,,,,,,,
MIA,ATL,0.6081790900614528,1.77,2.1,ATL,2026-02-03,0.0,,,,,,,
DAL,BOS,0.4957188248147512,3.1,1.39,BOS,2026-02-03,1.0,,,,,,,
BRK,LAL,0.3241072986866138,4.0,1.26,LAL,2026-02-03,1.0,,,,,,,
DET,DEN,0.7900857248659193,1.52,2.6,DET,2026-02-03,1.0,,,,,,,
MIL,CHI,0.5631460018522648,2.2,1.7,MIL,2026-02-03,1.0,,,,,,,
WAS,NYK,0.4304692980473594,5.9,1.15,NYK,2026-02-03,1.0,,,,,,,
IND,UTA,0.463146356285462,1.65,2.3,UTA,2026-02-03,1.0,,,,,,,
OKC,ORL,0.6611040328572959,1.34,3.4,OKC,2026-02-03,1.0,,,,,,,
MEM,MIN,0.3743483310397251,3.3,1.35,MEM,2026-02-02,0.0,,,,,,,
LAC,PHI,0.656850009941895,1.77,2.1,PHI,2026-02-02,0.0,,,,,,,
IND,HOU,0.3883537118237746,3.0,1.41,HOU,2026-02-02,1.0,,,,,,,
CHO,NOP,0.6869679675680408,1.37,3.2,CHO,2026-02-02,1.0,,,,,,,
TOR,UTA,0.6031638516119325,1.21,4.7,TOR,2026-02-01,1.0,,,,,,,
DEN,OKC,0.631251302246841,3.25,1.36,OKC,2026-02-01,0.0,,,,,,,
SAS,ORL,0.6007597592391523,1.49,2.7,SAS,2026-02-01,1.0,,,,,,,
POR,CLE,0.5793556720875318,2.3,1.65,CLE,2026-02-01,0.0,,,,,,,
BOS,MIL,0.694067204568716,1.16,5.55,BOS,2026-02-01,1.0,,,,,,,
NYK,LAL,0.6390982623281068,1.52,2.6,NYK,2026-02-01,1.0,,,,,,,
MIA,CHI,0.527601998739961,1.46,2.8,MIA,2026-02-01,1.0,,,,,,,
WAS,SAC,0.5912353099729698,2.14,1.74,WAS,2026-02-01,1.0,,,,,,,
DET,BRK,0.6190743363399897,1.15,5.7,DET,2026-02-01,1.0,,,,,,,
MIA,CHI,0.5629293816603643,1.4,3.05,CHI,2026-01-31,0.0,,,,,,,
HOU,DAL,0.6884734133034784,1.21,4.6,HOU,2026-01-31,1.0,,,,,,,
IND,ATL,0.4374145685328516,2.02,1.82,IND,2026-01-31,0.0,,,,,,,
MEM,MIN,0.4828715311686548,3.6,1.31,MIN,2026-01-31,1.0,,,,,,,
PHI,NOP,0.3870327679677418,1.35,3.3,PHI,2026-01-31,0.0,,,,,,,
CHO,SAS,0.6653685939618801,2.4,1.56,CHO,2026-01-31,1.0,,,,,,,
UTA,BRK,0.4902297772573776,1.77,2.1,BRK,2026-01-30,1.0,,,,,,,
ORL,TOR,0.5070083821006711,1.77,2.1,ORL,2026-01-30,1.0,,,,,,,
NOP,MEM,0.5474051528988585,1.74,2.14,NOP,2026-01-30,1.0,,,,,,,
DEN,LAC,0.5513039673039731,2.8,1.46,DEN,2026-01-30,1.0,,,,,,,
NYK,POR,0.6680499207265995,1.35,3.3,NYK,2026-01-30,1.0,,,,,,,
BOS,SAC,0.6512260124626863,1.18,5.1,BOS,2026-01-30,1.0,,,,,,,
WAS,LAL,0.5336439125070961,3.95,1.27,LAL,2026-01-30,0.0,,,,,,,
GSW,DET,0.7003319928998448,1.7,2.2,DET,2026-01-30,0.0,,,,,,,
DAL,CHO,0.5345555411518838,2.45,1.57,CHO,2026-01-29,0.0,,,,,,,
MIN,OKC,0.5984147419559508,2.95,1.42,MIN,2026-01-29,1.0,,,,,,,
DEN,BRK,0.6235879760869245,1.36,3.25,DEN,2026-01-29,1.0,,,,,,,
WAS,MIL,0.4557775925462358,2.1,1.77,WAS,2026-01-29,0.0,,,,,,,
ATL,HOU,0.5577572484344465,2.36,1.62,HOU,2026-01-29,0.0,,,,,,,
CHI,MIA,0.6611252577573963,2.1,1.77,MIA,2026-01-29,0.0,,,,,,,
PHI,SAC,0.5546201803211144,1.18,5.1,PHI,2026-01-29,1.0,,,,,,,
DAL,MIN,0.5599743075114656,3.05,1.4,MIN,2026-01-28,0.0,,,,,,,
HOU,SAS,0.6734494701041026,1.68,2.24,SAS,2026-01-28,0.0,,,,,,,
MIA,ORL,0.6364489034845718,1.68,2.24,ORL,2026-01-28,0.0,,,,,,,
TOR,NYK,0.5933636182163878,1.82,2.02,NYK,2026-01-28,0.0,,,,,,,
MEM,CHO,0.3821253856686772,2.14,1.74,CHO,2026-01-28,1.0,,,,,,,
IND,CHI,0.4281785132981737,2.14,1.74,IND,2026-01-28,0.0,,,,,,,
UTA,GSW,0.3581195076799533,3.85,1.28,GSW,2026-01-28,1.0,,,,,,,
CLE,LAL,0.6277777963639919,1.65,2.3,CLE,2026-01-28,1.0,,,,,,,
BOS,ATL,0.620308414290113,1.43,2.9,ATL,2026-01-28,0.0,,,,,,,
WAS,POR,0.4034087347277133,3.15,1.38,WAS,2026-01-27,0.0,,,,,,,
PHI,MIL,0.4717146048833892,1.22,4.5,PHI,2026-01-27,0.0,,,,,,,
UTA,LAC,0.5401784057252161,3.7,1.29,LAC,2026-01-27,0.0,,,,,,,
DEN,DET,0.5265939036710773,3.15,1.38,DET,2026-01-27,0.0,,,,,,,
OKC,NOP,0.6849573789585222,1.12,6.75,OKC,2026-01-27,1.0,,,,,,,
NYK,SAC,0.6707864170945298,1.13,6.25,NYK,2026-01-27,1.0,,,,,,,
HOU,MEM,0.5687211385799936,1.23,4.4,HOU,2026-01-26,1.0,,,,,,,
ATL,IND,0.5519928573625502,1.44,2.85,ATL,2026-01-26,1.0,,,,,,,
MIN,GSW,0.4542648618849,1.36,3.25,MIN,2026-01-26,0.0,,,,,,,
CHI,LAL,0.6413614991584936,1.98,1.85,LAL,2026-01-26,0.0,,,,,,,
CLE,ORL,0.6663391870645287,1.4,3.05,CLE,2026-01-26,1.0,,,,,,,
CHO,PHI,0.6815697534324052,1.74,2.14,CHO,2026-01-26,1.0,,,,,,,
BOS,POR,0.6961493740253495,1.33,3.45,BOS,2026-01-26,1.0,,,,,,,
MIN,GSW,0.6333258325028392,1.41,3.0,GSW,2026-01-25,0.0,,,,,,,
SAS,NOP,0.6074413113748086,1.17,5.25,NOP,2026-01-25,0.0,,,,,,,
OKC,TOR,0.6822240571845704,1.18,5.1,TOR,2026-01-25,0.0,,,,,,,
DET,SAC,0.700062614485161,1.14,6.0,DET,2026-01-25,1.0,,,,,,,
LAC,BRK,0.5802534314212554,1.28,3.85,LAC,2026-01-25,1.0,,,,,,,
ORL,CLE,0.4560914921336807,1.8,2.05,CLE,2026-01-24,1.0,,,,,,,
UTA,MIA,0.4758913137178176,2.9,1.43,MIA,2026-01-24,1.0,,,,,,,
DAL,LAL,0.6767884829346896,2.45,1.57,LAL,2026-01-24,0.0,,,,,,,
CHI,BOS,0.6025069629668299,1.93,1.89,CHI,2026-01-24,1.0,,,,,,,
CHO,WAS,0.7070555337925223,1.17,4.9,CHO,2026-01-24,1.0,,,,,,,
PHI,NYK,0.3899312144504047,1.85,1.98,NYK,2026-01-24,1.0,,,,,,,
MEM,NOP,0.5687904919817149,1.44,2.85,NOP,2026-01-23,0.0,,,,,,,
OKC,IND,0.7308694826648878,1.09,8.0,IND,2026-01-23,0.0,,,,,,,
BRK,BOS,0.3857714660838151,3.85,1.28,BOS,2026-01-23,1.0,,,,,,,
DET,HOU,0.7035112849649506,1.56,2.5,HOU,2026-01-23,0.0,,,,,,,
POR,TOR,0.6323707754988485,2.2,1.7,TOR,2026-01-23,0.0,,,,,,,
MIL,DEN,0.4690132200832722,1.41,3.0,DEN,2026-01-23,1.0,,,,,,,
CLE,SAC,0.6474398193893595,1.18,5.1,CLE,2026-01-23,1.0,,,,,,,
ORL,CHO,0.5662454005056252,1.43,2.9,CHO,2026-01-22,0.0,,,,,,,
LAC,LAL,0.5613547312011841,1.89,1.93,LAC,2026-01-22,1.0,,,,,,,
MIN,CHI,0.5773808965690406,1.29,3.7,CHI,2026-01-22,0.0,,,,,,,
UTA,SAS,0.5395331788704371,5.9,1.15,SAS,2026-01-22,0.0,,,,,,,
PHI,HOU,0.5769758653959931,2.14,1.74,PHI,2026-01-22,1.0,,,,,,,
POR,MIA,0.5952138756143143,1.83,2.0,POR,2026-01-22,1.0,,,,,,,
WAS,DEN,0.4047961073228609,2.85,1.44,DEN,2026-01-22,1.0,,,,,,,
DAL,GSW,0.671394687666739,2.85,1.44,DAL,2026-01-22,1.0,,,,,,,
NYK,BRK,0.412675646828586,1.17,5.4,NYK,2026-01-21,0.0,,,,,,,
MIL,OKC,0.4497861979075421,4.2,1.24,OKC,2026-01-21,1.0,,,,,,,
CHO,CLE,0.7610560603744156,2.24,1.68,CLE,2026-01-21,0.0,,,,,,,
MEM,ATL,0.5277001547668074,1.8,2.05,ATL,2026-01-21,0.0,,,,,,,
SAC,TOR,0.5223534345212489,2.8,1.46,TOR,2026-01-21,0.0,,,,,,,
NOP,DET,0.5061720166907941,4.0,1.26,DET,2026-01-21,0.0,,,,,,,
BOS,IND,0.6644045797192523,1.2,4.8,BOS,2026-01-21,1.0,,,,,,,
SAC,MIA,0.5620484828858238,2.36,1.62,MIA,2026-01-20,0.0,,,,,,,
UTA,MIN,0.4325782563221859,5.4,1.17,UTA,2026-01-20,0.0,,,,,,,
HOU,SAS,0.4800463559976447,1.62,2.36,HOU,2026-01-20,0.0,,,,,,,
GSW,TOR,0.7810410452396694,1.62,2.36,TOR,2026-01-20,0.0,,,,,,,
CHI,LAC,0.598238685264607,1.62,2.36,CHI,2026-01-20,1.0,,,,,,,
DEN,LAL,0.4546682792280581,2.24,1.68,LAL,2026-01-20,1.0,,,,,,,
NYK,DAL,0.3827689487882426,1.23,4.4,DAL,2026-01-19,1.0,,,,,,,
PHI,IND,0.6652624753751025,1.39,3.1,PHI,2026-01-19,1.0,,,,,,,
CLE,OKC,0.585788538333295,2.85,1.44,OKC,2026-01-19,0.0,,,,,,,
SAS,UTA,0.6413833563807121,1.1,7.75,SAS,2026-01-19,1.0,,,,,,,
WAS,LAC,0.3520081140392159,3.25,1.36,LAC,2026-01-19,1.0,,,,,,,
DET,BOS,0.657419548123684,1.65,2.3,DET,2026-01-19,1.0,,,,,,,
GSW,MIA,0.6133493517019241,1.46,2.8,GSW,2026-01-19,1.0,,,,,,,
ATL,MIL,0.5433459781582997,1.74,2.14,MIL,2026-01-19,0.0,,,,,,,
CHI,BRK,0.0743464452469788,1.46,2.8,CHI,2026-01-18,0.0,,,,,,,
DEN,CHO,0.5149566975804762,1.68,2.26,CHO,2026-01-18,0.0,,,,,,,
HOU,NOP,0.9530784999569416,1.14,6.0,HOU,2026-01-18,1.0,,,,,,,
LAL,TOR,0.3338547849968696,,,LAL,2026-01-18,0.0,,,,,,,
SAC,POR,0.7864285961732846,,,POR,2026-01-18,0.0,,,,,,,
MEM,ORL,0.3993185085971389,2.5,1.56,MEM,2026-01-18,0.0,,,,,,,
DEN,WAS,0.5872593825836531,1.15,5.7,DEN,2026-01-17,1.0,,,,,,,
SAS,MIN,0.5933550970210403,1.42,2.95,SAS,2026-01-17,1.0,,,,,,,
POR,LAL,0.5110063240666811,1.65,2.3,POR,2026-01-17,1.0,,,,,,,
DET,IND,0.648827810767519,1.14,6.0,DET,2026-01-17,1.0,,,,,,,
DAL,UTA,0.5304086692478349,1.62,2.36,DAL,2026-01-17,1.0,,,,,,,
GSW,CHO,0.5435084508772369,1.36,3.25,GSW,2026-01-17,1.0,,,,,,,
NYK,PHO,0.4062728124093717,1.59,2.42,PHO,2026-01-17,1.0,,,,,,,
ATL,BOS,0.4667897489038531,2.36,1.62,BOS,2026-01-17,1.0,,,,,,,
MIA,OKC,0.4364626215918478,4.4,1.23,MIA,2026-01-17,0.0,,,,,,,
PHI,CLE,0.5704755763813759,1.7,2.2,CLE,2026-01-16,0.0,,,,,,,
SAC,WAS,0.3844485379596853,1.37,3.2,SAC,2026-01-16,0.0,,,,,,,
HOU,MIN,0.5991149469438325,1.56,2.5,HOU,2026-01-16,1.0,,,,,,,
BRK,CHI,0.2798137238992225,1.8,2.05,BRK,2026-01-16,0.0,,,,,,,
IND,NOP,0.4879714874854292,1.59,2.42,IND,2026-01-16,0.0,,,,,,,
TOR,LAC,0.4914583437531902,2.05,1.8,LAC,2026-01-16,1.0,,,,,,,
DAL,UTA,0.4107875873273174,1.7,2.2,DAL,2026-01-15,0.0,,,,,,,
GSW,NYK,0.6228020179151444,1.4,3.05,GSW,2026-01-15,1.0,,,,,,,
DET,PHO,0.5962413289042435,1.35,3.3,DET,2026-01-15,1.0,,,,,,,
MIA,BOS,0.4944659509359115,2.24,1.68,BOS,2026-01-15,1.0,,,,,,,
SAS,MIL,0.4055834725309643,1.34,3.35,SAS,2026-01-15,0.0,,,,,,,
ORL,MEM,0.5974978553549952,1.43,2.9,ORL,2026-01-15,1.0,,,,,,,
LAL,CHO,0.670522081435954,1.56,2.5,CHO,2026-01-15,0.0,,,,,,,
POR,ATL,0.5432507690412679,2.4,1.6,POR,2026-01-15,1.0,,,,,,,
HOU,OKC,0.5369616545424593,2.64,1.51,OKC,2026-01-15,0.0,,,,,,,
IND,TOR,0.4957492551270722,2.14,1.74,TOR,2026-01-14,1.0,,,,,,,
LAC,WAS,0.6892687843888079,1.15,5.9,LAC,2026-01-14,1.0,,,,,,,
SAC,NYK,0.3505544888281816,4.8,1.2,SAC,2026-01-14,0.0,,,,,,,
NOP,BRK,0.4249656281749272,2.1,1.77,NOP,2026-01-14,0.0,,,,,,,
PHI,CLE,0.7064706546389082,1.87,1.95,CLE,2026-01-14,0.0,,,,,,,
CHI,UTA,0.3773716076207121,1.56,2.5,CHI,2026-01-14,0.0,,,,,,,
DAL,DEN,0.391469161201273,1.82,2.02,DEN,2026-01-14,1.0,,,,,,,
MIA,PHO,0.4577259306013257,1.87,1.95,MIA,2026-01-13,0.0,,,,,,,
NOP,DEN,0.4510095729330178,2.05,1.8,DEN,2026-01-13,1.0,,,,,,,
GSW,POR,0.625130988298508,1.23,4.4,GSW,2026-01-13,1.0,,,,,,,
LAL,ATL,0.6713112546211288,2.2,1.7,LAL,2026-01-13,1.0,,,,,,,
HOU,CHI,0.6905142309709209,1.17,5.4,HOU,2026-01-13,1.0,,,,,,,
OKC,SAS,0.6996349255260431,1.29,3.7,OKC,2026-01-13,1.0,,,,,,,
MIL,MIN,0.6505288596784253,1.68,2.24,MIN,2026-01-13,0.0,,,,,,,
LAC,CHO,0.439464281732815,1.52,2.6,LAC,2026-01-12,0.0,,,,,,,
TOR,PHI,0.5860632624198406,2.3,1.65,PHI,2026-01-12,0.0,,,,,,,
SAC,LAL,0.3030865433753891,4.0,1.26,SAC,2026-01-12,0.0,,,,,,,
DAL,BRK,0.4482472186654126,1.62,2.36,DAL,2026-01-12,0.0,,,,,,,
IND,BOS,0.5853434208632223,2.85,1.44,IND,2026-01-12,1.0,,,,,,,
CLE,UTA,0.6769057124984172,1.14,6.0,UTA,2026-01-12,0.0,,,,,,,
POR,NYK,0.6174432143720677,2.6,1.52,NYK,2026-01-11,0.0,,,,,,,
MEM,BRK,0.5475173366887672,1.36,3.25,MEM,2026-01-11,1.0,,,,,,,
SAC,HOU,0.3217759941788336,5.7,1.15,SAC,2026-01-11,0.0,,,,,,,
OKC,MIA,0.7282701017450532,1.12,6.5,OKC,2026-01-11,1.0,,,,,,,
DEN,MIL,0.5031058615687718,2.14,1.74,DEN,2026-01-11,1.0,,,,,,,
MIN,SAS,0.6539265318434804,1.7,2.2,MIN,2026-01-11,1.0,,,,,,,
GSW,ATL,0.6423893361901992,1.46,2.8,ATL,2026-01-11,0.0,,,,,,,
ORL,NOP,0.5366703668603217,1.39,3.1,ORL,2026-01-11,1.0,,,,,,,
TOR,PHI,0.6428520307844056,2.54,1.54,TOR,2026-01-11,1.0,,,,,,,
PHO,WAS,0.7361129763061817,1.12,6.5,PHO,2026-01-11,1.0,,,,,,,
BOS,SAS,0.6608771232919017,1.98,1.85,SAS,2026-01-10,0.0,,,,,,,
IND,MIA,0.470258158783129,3.3,1.35,IND,2026-01-10,0.0,,,,,,,
UTA,CHO,0.4178226412268801,2.54,1.54,CHO,2026-01-10,1.0,,,,,,,
CHI,DAL,0.3811653539700926,1.68,2.24,CHI,2026-01-10,0.0,,,,,,,
DET,LAC,0.637491090465814,1.51,2.64,LAC,2026-01-10,0.0,,,,,,,
CLE,MIN,0.621974270115102,1.7,2.2,CLE,2026-01-10,1.0,,,,,,,
DEN,ATL,0.5474878245923759,2.02,1.82,ATL,2026-01-09,0.0,,,,,,,
LAL,MIL,0.5296896031105625,1.65,2.3,MIL,2026-01-09,0.0,,,,,,,
BOS,TOR,0.7189119091481779,1.23,4.4,BOS,2026-01-09,1.0,,,,,,,
MEM,OKC,0.3664680800512817,2.8,1.46,OKC,2026-01-09,1.0,,,,,,,
ORL,PHI,0.4577676328173523,2.3,1.65,PHI,2026-01-09,1.0,,,,,,,
WAS,NOP,0.5131237498621448,2.2,1.7,NOP,2026-01-09,0.0,,,,,,,
GSW,SAC,0.6239644410416928,1.13,6.25,GSW,2026-01-09,1.0,,,,,,,
PHO,NYK,0.6591690742870373,1.98,1.85,PHO,2026-01-09,1.0,,,,,,,
POR,HOU,0.5049763251584368,3.0,1.41,POR,2026-01-09,1.0,,,,,,,
BRK,LAC,0.4596808834503605,2.64,1.51,LAC,2026-01-09,1.0,,,,,,,
CHO,IND,0.600928022277749,1.56,2.5,IND,2026-01-08,0.0,,,,,,,
UTA,DAL,0.5193399852388226,2.9,1.43,UTA,2026-01-08,1.0,,,,,,,
MIN,CLE,0.705668728118653,1.8,2.05,MIN,2026-01-08,1.0,,,,,,,
OKC,UTA,0.7916319983820829,1.08,8.5,OKC,2026-01-07,1.0,,,,,,,
BOS,DEN,0.7561656647836603,1.26,4.0,DEN,2026-01-07,0.0,,,,,,,
MEM,PHO,0.5021746104323312,2.8,1.46,PHO,2026-01-07,0.0,,,,,,,
ATL,NOP,0.4105546075906678,1.23,4.4,ATL,2026-01-07,0.0,,,,,,,
PHI,WAS,0.6769804219202518,1.14,6.0,PHI,2026-01-07,1.0,,,,,,,
GSW,MIL,0.6231598799776962,1.43,2.9,GSW,2026-01-07,1.0,,,,,,,
BRK,ORL,0.6153606353418279,2.1,1.77,ORL,2026-01-07,0.0,,,,,,,
CHO,TOR,0.5304659414926364,2.1,1.77,TOR,2026-01-07,0.0,,,,,,,
NYK,LAC,0.573384360750434,1.54,2.54,NYK,2026-01-07,1.0,,,,,,,
SAS,LAL,0.6684943010764368,1.41,3.0,SAS,2026-01-07,1.0,,,,,,,
POR,HOU,0.6010729858965135,3.15,1.38,POR,2026-01-07,1.0,,,,,,,
DET,CHI,0.6778283321160116,1.24,4.2,DET,2026-01-07,1.0,,,,,,,
MEM,SAS,0.5078559421468926,2.9,1.43,MEM,2026-01-06,1.0,,,,,,,
WAS,ORL,0.3851722477806105,3.25,1.36,WAS,2026-01-06,0.0,,,,,,,
IND,CLE,0.4187051293893458,2.8,1.46,CLE,2026-01-06,1.0,,,,,,,
MIN,MIA,0.6742348557999109,1.46,2.8,MIN,2026-01-06,1.0,,,,,,,
SAC,DAL,0.3500187786650042,2.8,1.46,DAL,2026-01-06,1.0,,,,,,,
NOP,LAL,0.3524277031630957,2.85,1.44,LAL,2026-01-06,1.0,,,,,,,
LAC,GSW,0.5835816562958499,1.83,2.0,LAC,2026-01-05,1.0,,,,,,,
HOU,PHO,0.6086552337953691,1.31,3.6,HOU,2026-01-05,1.0,,,,,,,
TOR,ATL,0.671663023525516,1.62,2.36,TOR,2026-01-05,1.0,,,,,,,
BOS,CHI,0.6815712799740434,1.19,4.9,BOS,2026-01-05,1.0,,,,,,,
POR,UTA,0.4748364818479348,1.42,2.95,POR,2026-01-05,0.0,,,,,,,
OKC,CHO,0.6399256028217224,1.09,8.0,CHO,2026-01-05,0.0,,,,,,,
DET,NYK,0.6648670356899954,2.3,1.65,DET,2026-01-05,1.0,,,,,,,
PHI,DEN,0.5928963086528374,1.17,5.4,DEN,2026-01-05,0.0,,,,,,,
WAS,MIN,0.4098726657555061,4.5,1.22,MIN,2026-01-04,1.0,,,,,,,
BRK,DEN,0.5630168191575472,2.24,1.68,BRK,2026-01-04,1.0,,,,,,,
MIA,NOP,0.4632010953016801,1.33,3.45,MIA,2026-01-04,0.0,,,,,,,
SAC,MIL,0.2722856766465579,3.05,1.4,MIL,2026-01-04,1.0,,,,,,,
PHO,OKC,0.574039585475278,4.1,1.25,PHO,2026-01-04,1.0,,,,,,,
ORL,IND,0.6554445735235361,1.41,3.0,ORL,2026-01-04,1.0,,,,,,,
CLE,DET,0.6167316425530743,1.51,2.64,DET,2026-01-04,0.0,,,,,,,
LAL,MEM,0.5497868988224193,1.43,2.9,LAL,2026-01-04,1.0,,,,,,,
NYK,PHI,0.6327208062713386,1.65,2.3,PHI,2026-01-03,0.0,,,,,,,
DAL,HOU,0.3334610324179232,3.7,1.29,DAL,2026-01-03,0.0,,,,,,,
TOR,ATL,0.534588325892931,1.62,2.36,TOR,2026-01-03,1.0,,,,,,,
SAS,POR,0.6470023116326212,1.28,3.85,POR,2026-01-03,0.0,,,,,,,
CHI,CHO,0.497521874581029,1.8,2.05,CHO,2026-01-03,1.0,,,,,,,
MIA,MIN,0.5748099870603376,2.24,1.68,MIN,2026-01-03,0.0,,,,,,,
GSW,UTA,0.6526015238568514,1.16,5.55,GSW,2026-01-03,1.0,,,,,,,
LAC,BOS,0.6600072712201475,1.85,1.98,BOS,2026-01-03,0.0,,,,,,,
LAL,MEM,0.559111901413608,1.57,2.45,LAL,2026-01-02,1.0,,,,,,,
IND,SAS,0.4020721728994454,2.95,1.42,SAS,2026-01-02,1.0,,,,,,,
CHI,ORL,0.524876782829098,2.6,1.52,CHI,2026-01-02,1.0,,,,,,,
CLE,DEN,0.6169363751627692,1.12,6.5,CLE,2026-01-02,1.0,,,,,,,
MIL,CHO,0.5312622189147572,1.41,3.0,MIL,2026-01-02,1.0,,,,,,,
NYK,ATL,0.5547926338016184,1.32,3.5,ATL,2026-01-02,0.0,,,,,,,
WAS,BRK,0.471617524805523,1.98,1.85,WAS,2026-01-02,0.0,,,,,,,
GSW,OKC,0.4728933142533146,4.0,1.26,OKC,2026-01-02,1.0,,,,,,,
NOP,POR,0.5745498138169773,1.93,1.89,POR,2026-01-02,0.0,,,,,,,
PHO,SAC,0.6045375634437675,1.13,6.25,PHO,2026-01-02,1.0,,,,,,,
BRK,HOU,0.7042342510126421,5.0,1.19,HOU,2026-01-01,0.0,,,,,,,
DAL,PHI,0.4803724870421181,2.14,1.74,PHI,2026-01-01,1.0,,,,,,,
DET,MIA,0.4422385072029466,1.51,2.64,MIA,2026-01-01,1.0,,,,,,,
LAC,UTA,0.7704206845014344,1.15,5.9,LAC,2026-01-01,1.0,,,,,,,
SAC,BOS,0.3415741149364661,4.2,1.24,BOS,2026-01-01,1.0,,,,,,,
MIL,WAS,0.563859305990741,1.18,5.1,WAS,2025-12-31,0.0,,,,,,,
CLE,PHO,0.4035159584925781,1.42,2.95,CLE,2025-12-31,0.0,,,,,,,
SAS,NYK,0.6066725907181034,1.82,2.02,SAS,2025-12-31,1.0,,,,,,,
OKC,POR,0.709291445411883,1.08,8.5,OKC,2025-12-31,1.0,,,,,,,
IND,ORL,0.5247141102217976,2.4,1.6,ORL,2025-12-31,0.0,,,,,,,
CHO,GSW,0.4309506041046256,3.0,1.41,GSW,2025-12-31,1.0,,,,,,,
CHI,NOP,0.5189050204049604,1.85,1.98,CHI,2025-12-31,1.0,,,,,,,
TOR,DEN,0.420570149069463,1.39,3.1,DEN,2025-12-31,1.0,,,,,,,
ATL,MIN,0.2921247752644692,2.7,1.49,ATL,2025-12-31,0.0,,,,,,,
LAL,DET,0.5986010569837851,2.24,1.68,DET,2025-12-30,0.0,,,,,,,
MEM,PHI,0.6851252838799331,1.95,1.87,PHI,2025-12-30,0.0,,,,,,,
LAC,SAC,0.6992452868250728,1.24,4.3,LAC,2025-12-30,1.0,,,,,,,
UTA,BOS,0.4905974079203489,3.4,1.34,BOS,2025-12-30,1.0,,,,,,,
OKC,ATL,0.7556120600138033,1.1,7.75,OKC,2025-12-29,1.0,,,,,,,
SAS,CLE,0.7165933640697243,1.74,2.14,CLE,2025-12-29,0.0,,,,,,,
NOP,NYK,0.4006360355062581,3.85,1.28,NYK,2025-12-29,1.0,,,,,,,
CHI,MIN,0.3762986649716293,2.95,1.42,MIN,2025-12-29,1.0,,,,,,,
WAS,PHO,0.500091152787734,4.8,1.2,PHO,2025-12-29,0.0,,,,,,,
HOU,IND,0.6730168001823373,1.1,7.5,HOU,2025-12-29,1.0,,,,,,,
CHO,MIL,0.4747708261691403,2.36,1.62,MIL,2025-12-29,1.0,,,,,,,
TOR,ORL,0.4755779788406973,2.02,1.82,TOR,2025-12-29,0.0,,,,,,,
BRK,GSW,0.7126272264624147,2.5,1.56,GSW,2025-12-29,0.0,,,,,,,
MIA,DEN,0.4711590057182661,2.14,1.74,MIA,2025-12-29,0.0,,,,,,,
POR,DAL,0.440095981734379,1.74,2.14,POR,2025-12-29,0.0,,,,,,,
LAC,DET,0.6640133555330131,2.36,1.62,LAC,2025-12-28,1.0,,,,,,,
WAS,MEM,0.2974250363677465,3.2,1.37,WAS,2025-12-28,0.0,,,,,,,
OKC,PHI,0.7250377772394169,1.1,7.75,OKC,2025-12-28,1.0,,,,,,,
POR,BOS,0.3692644023784283,3.15,1.38,POR,2025-12-28,0.0,,,,,,,
LAL,SAC,0.5591892701935385,1.15,5.7,LAL,2025-12-28,1.0,,,,,,,
TOR,GSW,0.4532713200446184,2.54,1.54,TOR,2025-12-28,0.0,,,,,,,
SAS,UTA,0.6059371721923307,1.08,8.5,UTA,2025-12-27,0.0,,,,,,,
ORL,DEN,0.5163093292772963,2.6,1.52,ORL,2025-12-27,1.0,,,,,,,
CHI,MIL,0.5816222336173813,1.68,2.24,MIL,2025-12-27,0.0,,,,,,,
ATL,NYK,0.473211430717079,3.05,1.4,NYK,2025-12-27,1.0,,,,,,,
SAC,DAL,0.498736963832273,2.3,1.65,SAC,2025-12-27,0.0,,,,,,,
MIA,IND,0.4508210615218815,1.28,3.85,MIA,2025-12-27,0.0,,,,,,,
MIN,BRK,0.6823484754956093,1.19,5.0,BRK,2025-12-27,0.0,,,,,,,
NOP,PHO,0.4849774003014638,2.7,1.49,PHO,2025-12-27,1.0,,,,,,,
HOU,CLE,0.6275119716935952,1.57,2.45,HOU,2025-12-27,1.0,,,,,,,
CHI,PHI,0.5402678604713175,1.89,1.93,CHI,2025-12-26,1.0,,,,,,,
IND,BOS,0.3771093039451137,3.75,1.29,BOS,2025-12-26,1.0,,,,,,,
POR,LAC,0.3430423689677759,2.14,1.74,LAC,2025-12-26,1.0,,,,,,,
MEM,MIL,0.546004602227101,1.46,2.8,MEM,2025-12-26,1.0,,,,,,,
ATL,MIA,0.6768547741071064,1.57,2.45,MIA,2025-12-26,0.0,,,,,,,
UTA,DET,0.3958008508792635,4.4,1.23,UTA,2025-12-26,0.0,,,,,,,
ORL,CHO,0.3988813914571564,1.39,3.1,CHO,2025-12-26,1.0,,,,,,,
WAS,TOR,0.2792349919815317,3.6,1.31,WAS,2025-12-26,0.0,,,,,,,
NOP,PHO,0.3984133080982148,2.45,1.57,PHO,2025-12-26,1.0,,,,,,,
NYK,CLE,0.6038493205795767,1.45,2.8,NYK,2025-12-25,1.0,,,,,,,
OKC,SAS,0.6744451387365771,1.28,3.8,SAS,2025-12-25,0.0,,,,,,,
LAL,HOU,0.5348190367984185,2.1,1.68,HOU,2025-12-25,0.0,,,,,,,
DEN,MIN,0.664976715829645,1.8,2.05,DEN,2025-12-25,1.0,,,,,,,
GSW,DAL,0.5883386782456852,1.28,3.8,GSW,2025-12-25,1.0,,,,,,,
PHI,BRK,0.5649729711703267,1.26,4.0,BRK,2025-12-23,0.0,,,,,,,
DAL,DEN,0.5032886872808779,2.95,1.42,DAL,2025-12-23,1.0,,,,,,,
PHO,LAL,0.4760526624922572,1.57,2.45,PHO,2025-12-23,0.0,,,,,,,
UTA,MEM,0.5209443897460855,2.42,1.59,MEM,2025-12-23,0.0,,,,,,,
MIA,TOR,0.4542246469534439,1.44,2.85,TOR,2025-12-23,1.0,,,,,,,
SAS,OKC,0.5943021987690378,3.1,1.39,SAS,2025-12-23,1.0,,,,,,,
CLE,NOP,0.5666149715143373,1.26,4.0,CLE,2025-12-23,1.0,,,,,,,
MIN,NYK,0.6283609616454537,1.36,3.25,MIN,2025-12-23,1.0,,,,,,,
ATL,CHI,0.3344492696095467,1.68,2.24,CHI,2025-12-23,1.0,,,,,,,
CHO,WAS,0.4905691278219317,1.4,3.05,CHO,2025-12-23,0.0,,,,,,,
SAC,DET,0.4359737654172695,4.0,1.26,DET,2025-12-23,1.0,,,,,,,
POR,ORL,0.471353406277926,2.0,1.83,ORL,2025-12-23,1.0,,,,,,,
LAC,HOU,0.6432243457026275,3.5,1.32,LAC,2025-12-23,1.0,,,,,,,
IND,MIL,0.5283468968882382,2.0,1.83,MIL,2025-12-23,0.0,,,,,,,
GSW,ORL,0.5986332312339849,1.43,2.9,GSW,2025-12-22,1.0,,,,,,,
CLE,CHO,0.6275176307840361,1.25,4.1,CLE,2025-12-22,1.0,,,,,,,
NOP,DAL,0.4352119701924436,1.8,2.05,NOP,2025-12-22,0.0,,,,,,,
BOS,IND,0.6854287910848196,1.17,5.4,BOS,2025-12-22,1.0,,,,,,,
POR,DET,0.4038722180633613,2.95,1.42,DET,2025-12-22,1.0,,,,,,,
DEN,UTA,0.672845119945678,1.12,6.75,DEN,2025-12-22,1.0,,,,,,,
OKC,MEM,0.7163144110860689,1.07,9.0,OKC,2025-12-22,1.0,,,,,,,
BRK,TOR,0.6928688236271174,2.4,1.6,BRK,2025-12-21,1.0,,,,,,,
MIN,MIL,0.6906837823775704,1.15,5.7,MIN,2025-12-21,1.0,,,,,,,
NYK,MIA,0.6274021903974386,1.32,3.5,NYK,2025-12-21,1.0,,,,,,,
WAS,SAS,0.3092029788135025,9.0,1.07,SAS,2025-12-21,1.0,,,,,,,
ATL,CHI,0.4634122811017669,1.52,2.6,CHI,2025-12-21,1.0,,,,,,,
SAC,HOU,0.4773501589369956,5.7,1.15,SAC,2025-12-21,0.0,,,,,,,
NOP,IND,0.397491822010583,1.74,2.14,NOP,2025-12-20,0.0,,,,,,,
GSW,PHO,0.5355295787625414,1.41,3.0,GSW,2025-12-20,1.0,,,,,,,
DEN,HOU,0.6175347693173632,2.0,1.83,HOU,2025-12-20,0.0,,,,,,,
PHI,DAL,0.6827665437596036,1.65,2.3,PHI,2025-12-20,1.0,,,,,,,
SAC,POR,0.3438549143732438,2.54,1.54,POR,2025-12-20,1.0,,,,,,,
UTA,ORL,0.4893360070159722,3.35,1.34,ORL,2025-12-20,1.0,,,,,,,
LAC,LAL,0.5046330895154568,1.98,1.85,LAC,2025-12-20,1.0,,,,,,,
MEM,WAS,0.6281547672482698,1.13,6.25,WAS,2025-12-20,0.0,,,,,,,
DET,CHO,0.5620660535677824,1.19,4.9,DET,2025-12-20,1.0,,,,,,,
TOR,BOS,0.3805520495956651,2.0,1.83,BOS,2025-12-20,1.0,,,,,,,
MIN,OKC,0.6119303796786107,3.7,1.29,MIN,2025-12-19,1.0,,,,,,,
BOS,MIA,0.6381881857534353,1.37,3.2,BOS,2025-12-19,1.0,,,,,,,
CLE,CHI,0.5112553884299316,1.34,3.35,CHI,2025-12-19,0.0,,,,,,,
NYK,PHI,0.6927230779114832,1.54,2.54,PHI,2025-12-19,0.0,,,,,,,
ATL,SAS,0.3620571752900073,2.24,1.68,SAS,2025-12-19,1.0,,,,,,,
DEN,ORL,0.665924122481555,1.35,3.3,DEN,2025-12-18,1.0,,,,,,,
MIL,TOR,0.6223926990371704,2.64,1.51,TOR,2025-12-18,0.0,,,,,,,
UTA,LAL,0.4421639068358375,3.6,1.31,LAL,2025-12-18,1.0,,,,,,,
OKC,LAC,0.8244689693355142,1.06,10.5,OKC,2025-12-18,1.0,,,,,,,
CHO,ATL,0.542080771856923,2.8,1.46,CHO,2025-12-18,1.0,,,,,,,
BRK,MIA,0.7200505770408979,3.1,1.39,MIA,2025-12-18,0.0,,,,,,,
NOP,HOU,0.418783910942663,4.2,1.24,NOP,2025-12-18,0.0,,,,,,,
DAL,DET,0.5888138548279976,2.9,1.43,DAL,2025-12-18,1.0,,,,,,,
POR,SAC,0.4957509247624992,1.28,3.8,POR,2025-12-18,0.0,,,,,,,
IND,NYK,0.5585884387850045,2.54,1.54,NYK,2025-12-18,0.0,,,,,,,
SAS,WAS,0.6068812243539208,1.09,8.0,SAS,2025-12-18,1.0,,,,,,,
PHO,GSW,0.4679468519218731,2.05,1.8,PHO,2025-12-18,0.0,,,,,,,
CHI,CLE,0.372166928275114,2.54,1.54,CHI,2025-12-17,0.0,,,,,,,
MIN,MEM,0.5784776449927593,1.34,3.4,MEM,2025-12-17,0.0,,,,,,,
LAC,MEM,0.5600309656558601,1.56,2.5,MEM,2025-12-15,0.0,,,,,,,
BOS,DET,0.6222335524421478,1.82,2.02,DET,2025-12-15,0.0,,,,,,,
MIA,TOR,0.5404633788130144,1.44,2.85,TOR,2025-12-15,0.0,,,,,,,
UTA,DAL,0.4228723374649041,2.14,1.74,UTA,2025-12-15,0.0,,,,,,,
DEN,HOU,0.6054177606840577,1.85,1.98,DEN,2025-12-15,1.0,,,,,,,
CHI,NOP,0.2924423756268633,1.57,2.45,NOP,2025-12-14,1.0,,,,,,,
IND,WAS,0.6866961236334618,1.25,4.1,WAS,2025-12-14,0.0,,,,,,,
CLE,CHO,0.637258631230552,1.17,5.4,CHO,2025-12-14,0.0,,,,,,,
ATL,PHI,0.4241059764263076,1.54,2.54,ATL,2025-12-14,0.0,,,,,,,
PHO,LAL,0.4047123041743233,2.02,1.82,LAL,2025-12-14,1.0,,,,,,,
BRK,MIL,0.4843380836083482,2.05,1.8,BRK,2025-12-14,0.0,,,,,,,
POR,GSW,0.3776094867388249,2.54,1.54,POR,2025-12-14,0.0,,,,,,,
MIN,SAC,0.7492702570862274,1.17,5.4,MIN,2025-12-14,1.0,,,,,,,
OKC,SAS,0.784729037613859,1.19,4.9,SAS,2025-12-13,0.0,,,,,,,
ORL,NYK,0.5491172932866707,2.64,1.51,NYK,2025-12-13,0.0,,,,,,,
CHO,CHI,0.4746380976637648,2.24,1.68,CHI,2025-12-12,1.0,,,,,,,
GSW,MIN,0.5426715356665905,1.57,2.45,MIN,2025-12-12,0.0,,,,,,,
DAL,BRK,0.4740722832361979,1.32,3.5,DAL,2025-12-12,0.0,,,,,,,
MEM,UTA,0.704155830247829,1.41,3.0,UTA,2025-12-12,0.0,,,,,,,
WAS,CLE,0.3225161912844935,8.5,1.08,CLE,2025-12-12,1.0,,,,,,,
DET,ATL,0.5243991127021357,1.35,3.3,DET,2025-12-12,1.0,,,,,,,
PHI,IND,0.4982087344074586,1.34,3.35,PHI,2025-12-12,0.0,,,,,,,
NOP,POR,0.5368536502500362,2.45,1.57,NOP,2025-12-11,1.0,,,,,,,
MIL,BOS,0.5094551028232459,4.2,1.24,MIL,2025-12-11,1.0,,,,,,,
HOU,LAC,0.6640738322904403,1.24,4.2,HOU,2025-12-11,1.0,,,,,,,
SAC,DEN,0.3729629239579561,4.7,1.21,DEN,2025-12-11,1.0,,,,,,,
OKC,PHO,0.7839672881752769,1.1,7.75,OKC,2025-12-10,1.0,,,,,,,
LAL,SAS,0.6828062439136431,1.36,3.25,SAS,2025-12-10,0.0,,,,,,,
ORL,MIA,0.6960493023746125,1.89,1.93,ORL,2025-12-09,1.0,,,,,,,
TOR,NYK,0.4367227194394134,2.8,1.46,NYK,2025-12-09,1.0,,,,,,,
MIN,PHO,0.7210080117451217,1.29,3.75,PHO,2025-12-08,0.0,,,,,,,
NOP,SAS,0.4311120312219246,4.4,1.23,SAS,2025-12-08,1.0,,,,,,,
IND,SAC,0.5742137729435185,1.56,2.5,IND,2025-12-08,1.0,,,,,,,
CHI,GSW,0.3363838418950795,1.93,1.89,GSW,2025-12-07,1.0,,,,,,,
MEM,POR,0.5609849272385484,1.85,1.98,MEM,2025-12-07,1.0,,,,,,,
TOR,BOS,0.4175628880046949,2.3,1.65,BOS,2025-12-07,1.0,,,,,,,
CHO,DEN,0.3637560695963289,4.8,1.2,DEN,2025-12-07,1.0,,,,,,,
PHI,LAL,0.624214118191619,2.4,1.6,LAL,2025-12-07,0.0,,,,,,,
NYK,ORL,0.7524579369686818,1.62,2.24,NYK,2025-12-07,1.0,,,,,,,
UTA,OKC,0.373669804871983,4.8,1.2,OKC,2025-12-07,1.0,,,,,,,
CLE,GSW,0.6458256248268818,1.32,3.5,GSW,2025-12-06,0.0,,,,,,,
MIN,LAC,0.7622944863964465,1.27,3.95,MIN,2025-12-06,1.0,,,,,,,
BRK,NOP,0.6119847469737508,1.59,2.42,BRK,2025-12-06,1.0,,,,,,,
DET,MIL,0.6209386954223907,1.15,5.9,DET,2025-12-06,1.0,,,,,,,
DAL,HOU,0.3736331396429546,3.35,1.34,DAL,2025-12-06,0.0,,,,,,,
MIA,SAC,0.650067277573942,1.25,4.1,SAC,2025-12-06,0.0,,,,,,,
WAS,ATL,0.3142286123979808,4.3,1.24,ATL,2025-12-06,1.0,,,,,,,
MIL,PHI,0.4952853815097947,1.93,1.89,PHI,2025-12-05,1.0,,,,,,,
OKC,DAL,0.8301101308549798,1.1,7.75,OKC,2025-12-05,1.0,,,,,,,
DET,POR,0.4589620704278608,1.33,3.45,DET,2025-12-05,0.0,,,,,,,
ORL,MIA,0.6489855242522913,1.46,2.8,ORL,2025-12-05,1.0,,,,,,,
NYK,UTA,0.6182657629469036,1.08,8.5,NYK,2025-12-05,1.0,,,,,,,
BOS,LAL,0.5231033760699162,1.32,3.5,BOS,2025-12-05,1.0,,,,,,,
TOR,CHO,0.6413079181299723,1.34,3.35,CHO,2025-12-05,0.0,,,,,,,
MEM,LAC,0.4776589192369966,2.1,1.77,MEM,2025-12-05,0.0,,,,,,,
HOU,PHO,0.6283484395263004,1.18,5.1,HOU,2025-12-05,1.0,,,,,,,
ATL,DEN,0.4531806521558069,2.7,1.49,DEN,2025-12-05,1.0,,,,,,,
CLE,SAS,0.6306544590124109,1.6,2.4,CLE,2025-12-05,1.0,,,,,,,
CHI,IND,0.3279963860965866,1.51,2.64,IND,2025-12-05,1.0,,,,,,,
TOR,LAL,0.6207314332501827,1.7,2.2,LAL,2025-12-04,0.0,,,,,,,
WAS,BOS,0.2475722423137321,4.5,1.22,BOS,2025-12-04,1.0,,,,,,,
NOP,MIN,0.3716049054781383,5.25,1.17,MIN,2025-12-04,1.0,,,,,,,
PHI,GSW,0.6746544074842185,1.62,2.36,PHI,2025-12-04,1.0,,,,,,,
BRK,UTA,0.7221489191876569,2.7,1.49,UTA,2025-12-04,0.0,,,,,,,
ORL,SAS,0.6794109921989704,1.29,3.7,SAS,2025-12-03,0.0,,,,,,,
NYK,CHO,0.7252513670692756,1.25,4.1,NYK,2025-12-03,1.0,,,,,,,
ATL,LAC,0.5586667484272824,1.62,2.36,LAC,2025-12-03,0.0,,,,,,,
CHI,BRK,0.2925958877182121,1.29,3.7,BRK,2025-12-03,1.0,,,,,,,
HOU,SAC,0.7271163152424641,1.07,9.0,HOU,2025-12-03,1.0,,,,,,,
CLE,POR,0.5871290893995311,1.17,5.4,POR,2025-12-03,0.0,,,,,,,
MIL,DET,0.4951982487009827,2.54,1.54,MIL,2025-12-03,0.0,,,,,,,
IND,DEN,0.3578316569330641,3.7,1.29,DEN,2025-12-03,1.0,,,,,,,
DAL,MIA,0.3471792253556039,2.6,1.52,DAL,2025-12-03,0.0,,,,,,,
PHI,WAS,0.4616272743617612,1.12,6.75,PHI,2025-12-02,0.0,,,,,,,
BOS,NYK,0.6454243572825947,1.89,1.93,BOS,2025-12-02,1.0,,,,,,,
TOR,POR,0.619290150542852,1.46,2.8,TOR,2025-12-02,1.0,,,,,,,
GSW,OKC,0.6058517372438283,5.4,1.17,OKC,2025-12-02,0.0,,,,,,,
SAS,MEM,0.5879329700181527,1.49,2.7,SAS,2025-12-02,1.0,,,,,,,
NOP,MIN,0.2929085874950088,5.55,1.16,MIN,2025-12-02,1.0,,,,,,,
DEN,DAL,0.5833413332944934,1.19,4.9,DAL,2025-12-01,0.0,,,,,,,
IND,CLE,0.4833037885877908,2.6,1.52,CLE,2025-12-01,1.0,,,,,,,
BRK,CHO,0.4511071280813796,2.6,1.52,BRK,2025-12-01,0.0,,,,,,,
WAS,MIL,0.2367886358286087,4.2,1.24,WAS,2025-12-01,0.0,,,,,,,
UTA,HOU,0.3606706997190304,5.7,1.15,UTA,2025-12-01,0.0,,,,,,,
MIA,LAC,0.5615011532708953,1.41,3.0,MIA,2025-12-01,1.0,,,,,,,
ORL,CHI,0.7225119265376123,1.28,3.85,ORL,2025-12-01,1.0,,,,,,,
LAL,PHO,0.68772582393989,1.51,2.64,PHO,2025-12-01,0.0,,,,,,,
DET,ATL,0.5794287750816302,1.24,4.3,DET,2025-12-01,1.0,,,,,,,
NYK,TOR,0.6945936319704816,1.31,3.6,NYK,2025-11-30,1.0,,,,,,,
CLE,BOS,0.5430492233509335,1.35,3.3,BOS,2025-11-30,0.0,,,,,,,
MIN,SAS,0.5867727799673934,1.6,2.4,MIN,2025-11-30,1.0,,,,,,,
SAC,MEM,0.3978553681461099,2.2,1.7,MEM,2025-11-30,1.0,,,,,,,
POR,OKC,0.4644389576593696,5.7,1.15,OKC,2025-11-30,1.0,,,,,,,
UTA,HOU,0.431107122576301,5.4,1.17,HOU,2025-11-30,1.0,,,,,,,
PHI,ATL,0.4699258419334549,1.77,2.1,ATL,2025-11-30,1.0,,,,,,,
LAL,NOP,0.7430172245363171,1.1,7.75,LAL,2025-11-30,1.0,,,,,,,
CHO,TOR,0.4429800097547309,3.75,1.29,CHO,2025-11-29,0.0,,,,,,,
IND,CHI,0.4541692306207022,2.45,1.57,IND,2025-11-29,0.0,,,,,,,
MIA,DET,0.5457599890210781,1.59,2.42,DET,2025-11-29,0.0,,,,,,,
MIN,BOS,0.735731818834182,1.34,3.4,MIN,2025-11-29,1.0,,,,,,,
PHO,DEN,0.7102849395345799,2.36,1.62,DEN,2025-11-29,0.0,,,,,,,
LAC,DAL,0.5850873936231079,1.36,3.25,DAL,2025-11-29,0.0,,,,,,,
GSW,NOP,0.7421205170553727,1.27,3.95,GSW,2025-11-29,1.0,,,,,,,
MIL,BRK,0.5559347651232434,1.18,5.1,MIL,2025-11-29,1.0,,,,,,,
DEN,SAS,0.6995937500182207,1.32,3.5,SAS,2025-11-28,0.0,,,,,,,
UTA,SAC,0.4577463489933706,1.85,1.98,UTA,2025-11-28,0.0,,,,,,,
BRK,PHI,0.625579600067617,3.1,1.39,PHI,2025-11-28,0.0,,,,,,,
CHO,CHI,0.4068744118123351,2.3,1.65,CHO,2025-11-28,0.0,,,,,,,
DET,ORL,0.562638911989562,1.62,2.36,ORL,2025-11-28,0.0,,,,,,,
OKC,PHO,0.7727780846528022,1.1,7.75,OKC,2025-11-28,1.0,,,,,,,
NYK,MIL,0.7258049728378868,1.29,3.7,NYK,2025-11-28,1.0,,,,,,,
LAC,MEM,0.5268618316960656,1.4,3.05,MEM,2025-11-28,0.0,,,,,,,
IND,WAS,0.3561882266562023,1.36,3.25,IND,2025-11-28,0.0,,,,,,,
LAL,DAL,0.7393090579730536,1.24,4.2,LAL,2025-11-28,1.0,,,,,,,
ATL,CLE,0.6938959287762491,2.5,1.56,ATL,2025-11-28,1.0,,,,,,,
OKC,MIN,0.8073251773858775,1.22,4.5,OKC,2025-11-26,1.0,,,,,,,
MIA,MIL,0.5867514777006497,1.31,3.6,MIA,2025-11-26,1.0,,,,,,,
GSW,HOU,0.5809261480059171,1.68,2.24,HOU,2025-11-26,0.0,,,,,,,
BOS,DET,0.6979409304193159,2.24,1.68,BOS,2025-11-26,1.0,,,,,,,
SAC,PHO,0.3212320157133465,2.54,1.54,PHO,2025-11-26,1.0,,,,,,,
CHO,NYK,0.3208448447630296,3.15,1.38,NYK,2025-11-26,1.0,,,,,,,
NOP,MEM,0.3665741191569344,2.3,1.65,MEM,2025-11-26,1.0,,,,,,,
POR,SAS,0.5565155599051146,1.83,2.0,SAS,2025-11-26,0.0,,,,,,,
TOR,IND,0.7248393107039552,1.21,4.7,TOR,2025-11-26,1.0,,,,,,,
PHI,ORL,0.5436046425122454,2.45,1.57,ORL,2025-11-25,0.0,,,,,,,
WAS,ATL,0.2578109292415598,5.0,1.19,WAS,2025-11-25,0.0,,,,,,,
LAL,LAC,0.6183566580062562,1.39,3.1,LAL,2025-11-25,1.0,,,,,,,
SAC,MIN,0.2164996819537854,4.1,1.25,SAC,2025-11-24,0.0,,,,,,,
NOP,CHI,0.3175450772637698,2.8,1.46,NOP,2025-11-24,0.0,,,,,,,
MIA,DAL,0.5733875828751145,1.34,3.35,MIA,2025-11-24,1.0,,,,,,,
MIL,POR,0.640018442511149,1.77,2.1,POR,2025-11-24,0.0,,,,,,,
IND,DET,0.3438515137498653,4.5,1.22,DET,2025-11-24,1.0,,,,,,,
PHO,HOU,0.7666323397776689,2.9,1.43,HOU,2025-11-24,0.0,,,,,,,
TOR,CLE,0.6308937513462158,1.87,1.95,TOR,2025-11-24,1.0,,,,,,,
GSW,UTA,0.6069409090761148,1.1,7.5,GSW,2025-11-24,1.0,,,,,,,
BRK,NYK,0.5228836699195674,6.75,1.12,NYK,2025-11-24,0.0,,,,,,,
MEM,DEN,0.4940226262844469,3.7,1.29,DEN,2025-11-24,1.0,,,,,,,
TOR,BRK,0.6319331535147021,1.14,6.0,TOR,2025-11-23,1.0,,,,,,,
BOS,ORL,0.7213422905784349,1.52,2.6,BOS,2025-11-23,1.0,,,,,,,
PHI,MIA,0.5424938069718963,2.02,1.82,MIA,2025-11-23,0.0,,,,,,,
UTA,LAL,0.345531925384462,4.3,1.24,LAL,2025-11-23,1.0,,,,,,,
ATL,CHO,0.7279782344473199,1.34,3.35,ATL,2025-11-23,1.0,,,,,,,
PHO,SAS,0.6367809127968677,1.68,2.24,PHO,2025-11-23,1.0,,,,,,,
CLE,LAC,0.5877184540682966,1.26,4.0,CLE,2025-11-23,1.0,,,,,,,
OKC,POR,0.7286067682101035,1.09,8.0,OKC,2025-11-23,1.0,,,,,,,
CHI,WAS,0.4412408425463915,1.14,6.0,CHI,2025-11-22,0.0,,,,,,,
MIL,DET,0.5608269939310925,3.8,1.28,DET,2025-11-22,0.0,,,,,,,
DEN,SAC,0.7816392019063639,1.18,5.1,SAC,2025-11-22,0.0,,,,,,,
DAL,MEM,0.2981127075279954,1.87,1.95,MEM,2025-11-22,1.0,,,,,,,
ORL,NYK,0.6667776830140433,1.87,1.95,ORL,2025-11-22,1.0,,,,,,,
NOP,ATL,0.4220500278491884,4.1,1.25,ATL,2025-11-22,1.0,,,,,,,
CHO,LAC,0.4719422296194962,1.95,1.87,LAC,2025-11-22,1.0,,,,,,,
CLE,IND,0.6609249908764857,1.1,7.75,CLE,2025-11-21,1.0,,,,,,,
CHI,MIA,0.4004434296409951,1.7,2.2,MIA,2025-11-21,1.0,,,,,,,
TOR,WAS,0.785704218264216,1.11,7.25,TOR,2025-11-21,1.0,,,,,,,
UTA,OKC,0.3874301055932168,9.5,1.07,OKC,2025-11-21,1.0,,,,,,,
GSW,POR,0.5252079282850365,1.24,4.3,POR,2025-11-21,0.0,,,,,,,
PHO,MIN,0.6082955521794886,2.54,1.54,PHO,2025-11-21,1.0,,,,,,,
BOS,BRK,0.6753812887902401,1.1,7.75,BRK,2025-11-21,0.0,,,,,,,
DAL,NOP,0.3294824413367516,1.56,2.5,DAL,2025-11-21,0.0,,,,,,,
HOU,DEN,0.6997622437963672,1.74,2.14,DEN,2025-11-21,0.0,,,,,,,
ORL,LAC,0.5762548034592,1.46,2.8,ORL,2025-11-20,1.0,,,,,,,
MIL,PHI,0.4218667547160461,2.14,1.74,PHI,2025-11-20,1.0,,,,,,,
SAS,ATL,0.6519022225297415,1.91,1.91,SAS,2025-11-20,1.0,,,,,,,
MEM,SAC,0.3924271463672985,1.68,2.24,MEM,2025-11-20,0.0,,,,,,,
IND,CHO,0.3733119347155008,2.05,1.8,IND,2025-11-19,0.0,,,,,,,
CLE,HOU,0.6649952849665081,2.0,1.83,HOU,2025-11-19,0.0,,,,,,,
POR,CHI,0.4924207455272665,2.2,1.7,CHI,2025-11-19,1.0,,,,,,,
DAL,NYK,0.4361568985903687,3.4,1.34,NYK,2025-11-19,1.0,,,,,,,
OKC,SAC,0.8317322482012603,1.05,12.0,OKC,2025-11-19,1.0,,,,,,,
NOP,DEN,0.3861486268694939,7.25,1.11,DEN,2025-11-19,1.0,,,,,,,
MIN,WAS,0.7167042232727754,1.07,9.0,MIN,2025-11-19,1.0,,,,,,,
PHI,TOR,0.6635558086581727,2.14,1.74,TOR,2025-11-19,0.0,,,,,,,
MIA,GSW,0.4166274930485827,1.22,4.5,MIA,2025-11-19,0.0,,,,,,,
LAL,UTA,0.6425109409900865,1.15,5.9,LAL,2025-11-18,1.0,,,,,,,
BRK,BOS,0.4531476458733325,5.1,1.18,BOS,2025-11-18,1.0,,,,,,,
ORL,GSW,0.6550214093420926,2.36,1.62,ORL,2025-11-18,1.0,,,,,,,
SAS,MEM,0.6381276961826782,1.43,2.9,SAS,2025-11-18,1.0,,,,,,,
ATL,DET,0.6240297878509508,1.87,1.95,DET,2025-11-18,0.0,,,,,,,
POR,PHO,0.5039676226789848,1.7,2.2,PHO,2025-11-18,0.0,,,,,,,
MIN,DAL,0.6661300361616589,1.11,7.0,MIN,2025-11-17,1.0,,,,,,,
TOR,CHO,0.5880827684802333,1.28,3.8,TOR,2025-11-17,1.0,,,,,,,
DEN,CHI,0.7364155786763281,1.12,6.75,CHI,2025-11-17,0.0,,,,,,,
CLE,MIL,0.6293195660979071,1.34,3.4,CLE,2025-11-17,1.0,,,,,,,
NOP,OKC,0.4102266023794135,11.0,1.06,OKC,2025-11-17,1.0,,,,,,,
DET,IND,0.6935460609945833,1.18,5.1,DET,2025-11-17,1.0,,,,,,,
MIA,NYK,0.4417334268849293,1.8,2.05,MIA,2025-11-17,0.0,,,,,,,
PHI,LAC,0.5561960209156651,1.49,2.7,PHI,2025-11-17,1.0,,,,,,,
SAS,SAC,0.6395957115238391,1.29,3.75,SAS,2025-11-16,1.0,,,,,,,
UTA,CHI,0.3720581233611365,2.6,1.52,UTA,2025-11-16,0.0,,,,,,,
WAS,BRK,0.2487969350647437,1.68,2.24,BRK,2025-11-16,1.0,,,,,,,
NOP,GSW,0.2617468788427212,4.8,1.2,GSW,2025-11-16,1.0,,,,,,,
PHO,ATL,0.6347441961964095,1.95,1.87,ATL,2025-11-16,0.0,,,,,,,
HOU,ORL,0.7829589481097589,1.32,3.5,HOU,2025-11-16,1.0,,,,,,,
BOS,LAC,0.652537883108183,1.46,2.8,BOS,2025-11-16,1.0,,,,,,,
DAL,POR,0.4105428388487596,2.5,1.56,DAL,2025-11-16,0.0,,,,,,,
CHO,OKC,0.3700161829993335,9.5,1.07,OKC,2025-11-15,1.0,,,,,,,
MIL,LAL,0.4367386943639073,2.0,1.83,LAL,2025-11-15,1.0,,,,,,,
CLE,MEM,0.7155037791337401,1.18,5.1,CLE,2025-11-15,1.0,,,,,,,
IND,TOR,0.3017992814967251,3.4,1.34,TOR,2025-11-15,1.0,,,,,,,
MIN,DEN,0.5010352666728234,1.82,2.02,DEN,2025-11-15,0.0,,,,,,,
SAS,GSW,0.4992273676726272,1.68,2.24,GSW,2025-11-14,1.0,,,,,,,
ORL,BRK,0.5164012596954913,1.11,7.25,ORL,2025-11-14,1.0,,,,,,,
MIL,CHO,0.590337852427655,1.26,4.0,MIL,2025-11-14,1.0,,,,,,,
MIN,SAC,0.7054447551716919,1.16,5.55,MIN,2025-11-14,1.0,,,,,,,
DAL,LAC,0.6185515436190341,2.14,1.74,LAC,2025-11-14,0.0,,,,,,,
NYK,MIA,0.7155599340355069,1.4,3.05,NYK,2025-11-14,1.0,,,,,,,
NOP,LAL,0.3416893981065324,4.6,1.21,LAL,2025-11-14,1.0,,,,,,,
DET,PHI,0.7199655027381294,1.62,2.36,DET,2025-11-14,1.0,,,,,,,
HOU,POR,0.4708917171979225,1.32,3.5,HOU,2025-11-14,0.0,,,,,,,
PHO,IND,0.6633117436802723,1.54,2.54,PHO,2025-11-13,1.0,,,,,,,
CLE,TOR,0.5462887408745011,1.35,3.3,TOR,2025-11-13,0.0,,,,,,,
UTA,ATL,0.3587003616855442,2.14,1.74,ATL,2025-11-13,1.0,,,,,,,
LAC,DEN,0.5389823609701524,2.36,1.62,DEN,2025-11-12,0.0,,,,,,,
NOP,POR,0.3474817057488915,3.75,1.29,POR,2025-11-12,1.0,,,,,,,
DET,CHI,0.6884772230872925,2.02,1.82,DET,2025-11-12,1.0,,,,,,,
NYK,ORL,0.703071543837119,1.57,2.45,ORL,2025-11-12,0.0,,,,,,,
SAS,GSW,0.7352251782418444,1.62,2.36,GSW,2025-11-12,0.0,,,,,,,
OKC,LAL,0.7465355989813921,1.33,3.45,OKC,2025-11-12,1.0,,,,,,,
HOU,WAS,0.6646212039618211,1.06,10.0,HOU,2025-11-12,1.0,,,,,,,
MIA,CLE,0.6460983895391259,1.46,2.8,CLE,2025-11-12,0.0,,,,,,,
SAC,ATL,0.4514234957350022,2.4,1.6,ATL,2025-11-12,1.0,,,,,,,
BOS,MEM,0.6328511537229082,1.34,3.4,BOS,2025-11-12,1.0,,,,,,,
CHO,MIL,0.627190734671952,2.14,1.74,CHO,2025-11-12,1.0,,,,,,,
DAL,PHO,0.3664953839103627,2.14,1.74,PHO,2025-11-12,1.0,,,,,,,
OKC,GSW,0.7236070734174316,1.33,3.45,OKC,2025-11-11,1.0,,,,,,,
SAC,DEN,0.5092156401051425,3.95,1.27,DEN,2025-11-11,0.0,,,,,,,
NYK,MEM,0.6932149006391758,1.24,4.3,NYK,2025-11-11,1.0,,,,,,,
BRK,TOR,0.5778994078145944,4.5,1.22,TOR,2025-11-11,0.0,,,,,,,
PHI,BOS,0.5935056827013689,2.02,1.82,PHI,2025-11-11,1.0,,,,,,,
UTA,IND,0.5164903670434183,2.2,1.7,UTA,2025-11-11,1.0,,,,,,,
ORL,POR,0.469559661970318,1.77,2.1,ORL,2025-11-10,0.0,,,,,,,
DAL,MIL,0.3605978240699241,2.24,1.68,MIL,2025-11-10,1.0,,,,,,,
UTA,MIN,0.416881741710885,3.45,1.33,MIN,2025-11-10,1.0,,,,,,,
CHO,LAL,0.5407293330532569,3.8,1.28,LAL,2025-11-10,0.0,,,,,,,
CHI,SAS,0.4651731109225595,2.5,1.56,SAS,2025-11-10,1.0,,,,,,,
LAC,ATL,0.5486662615757796,1.54,2.54,ATL,2025-11-10,0.0,,,,,,,
PHO,NOP,0.6311135023315002,1.28,3.85,PHO,2025-11-10,1.0,,,,,,,
DET,WAS,0.7058761298143654,1.15,5.7,DET,2025-11-10,1.0,,,,,,,
MIA,CLE,0.5673203422888953,3.4,1.34,MIA,2025-11-10,1.0,,,,,,,
GSW,IND,0.622717900862762,1.14,6.0,GSW,2025-11-09,1.0,,,,,,,
MEM,OKC,0.4066614141868198,4.8,1.2,OKC,2025-11-09,1.0,,,,,,,
ORL,BOS,0.5534013386289546,1.65,2.3,BOS,2025-11-09,0.0,,,,,,,
NYK,BRK,0.6976841158110793,1.08,8.5,NYK,2025-11-09,1.0,,,,,,,
PHI,DET,0.538949161299764,2.36,1.62,DET,2025-11-09,0.0,,,,,,,
MIL,HOU,0.6503297938132581,2.45,1.57,HOU,2025-11-09,0.0,,,,,,,
SAC,MIN,0.3733640223820654,2.8,1.46,MIN,2025-11-09,1.0,,,,,,,
LAC,PHO,0.5419451883641284,1.54,2.54,PHO,2025-11-08,0.0,,,,,,,
CLE,CHI,0.6546367596810898,1.29,3.75,CLE,2025-11-08,1.0,,,,,,,
SAS,NOP,0.7080034964934491,1.17,5.25,SAS,2025-11-08,1.0,,,,,,,
PHI,TOR,0.5705954453899591,1.52,2.6,PHI,2025-11-08,1.0,,,,,,,
WAS,DAL,0.2831689899957275,2.5,1.56,DAL,2025-11-08,1.0,,,,,,,
MIA,POR,0.5550670678251212,2.3,1.65,MIA,2025-11-08,1.0,,,,,,,
DEN,IND,0.7128766497631749,1.17,5.4,DEN,2025-11-08,1.0,,,,,,,
ATL,LAL,0.610435958286012,2.3,1.65,ATL,2025-11-08,1.0,,,,,,,
MEM,DAL,0.4772347100151228,1.56,2.5,MEM,2025-11-07,0.0,,,,,,,
ORL,BOS,0.4552407515770399,1.62,2.36,ORL,2025-11-07,0.0,,,,,,,
MIN,UTA,0.579499043203572,1.15,5.9,MIN,2025-11-07,1.0,,,,,,,
DEN,GSW,0.747001205201082,1.23,4.4,DEN,2025-11-07,1.0,,,,,,,
SAS,HOU,0.5557058375026426,2.45,1.57,SAS,2025-11-07,1.0,,,,,,,
ATL,TOR,0.5027526959136438,1.74,2.14,TOR,2025-11-07,0.0,,,,,,,
BRK,DET,0.4568638201369034,4.7,1.21,DET,2025-11-07,1.0,,,,,,,
MIL,CHI,0.6314874787116254,1.57,2.45,MIL,2025-11-07,1.0,,,,,,,
SAC,OKC,0.62188098132539,5.25,1.17,OKC,2025-11-07,0.0,,,,,,,
WAS,CLE,0.2274323176982816,6.75,1.12,CLE,2025-11-07,1.0,,,,,,,
MIA,CHO,0.5999896218330998,1.4,3.05,MIA,2025-11-07,1.0,,,,,,,
PHO,LAC,0.6835258342045505,1.74,2.14,PHO,2025-11-06,1.0,,,,,,,
MEM,HOU,0.4844785965564552,3.6,1.31,HOU,2025-11-05,1.0,,,,,,,
POR,OKC,0.5263048426930239,2.6,1.52,POR,2025-11-05,1.0,,,,,,,
DEN,MIA,0.7524935187800198,1.25,4.1,DEN,2025-11-05,1.0,,,,,,,
SAC,GSW,0.5553876015483552,1.7,2.2,SAC,2025-11-05,1.0,,,,,,,
DET,UTA,0.5571330538748205,1.22,4.5,DET,2025-11-05,1.0,,,,,,,
NYK,MIN,0.6920965492994933,1.65,2.3,NYK,2025-11-05,1.0,,,,,,,
IND,BRK,0.471733248743537,1.37,3.2,BRK,2025-11-05,1.0,,,,,,,
DAL,NOP,0.4533253510804735,1.32,3.5,NOP,2025-11-05,1.0,,,,,,,
CLE,PHI,0.6177731617101003,1.24,4.2,CLE,2025-11-05,1.0,,,,,,,
BOS,WAS,0.6532282128986501,1.15,5.9,BOS,2025-11-05,1.0,,,,,,,
LAL,SAS,0.7065662934327936,1.74,2.14,LAL,2025-11-05,1.0,,,,,,,
CHI,PHI,0.5072738274955686,1.87,1.95,CHI,2025-11-04,1.0,,,,,,,
GSW,PHO,0.6734516215887786,1.27,3.95,GSW,2025-11-04,1.0,,,,,,,
LAC,OKC,0.4779194882186819,3.4,1.34,OKC,2025-11-04,1.0,,,,,,,
ATL,ORL,0.4853208569147099,2.36,1.62,ATL,2025-11-04,0.0,,,,,,,
NOP,CHO,0.3454983672038794,1.56,2.5,NOP,2025-11-04,0.0,,,,,,,
TOR,MIL,0.6147809401462493,1.65,2.3,TOR,2025-11-04,1.0,,,,,,,
BOS,UTA,0.5919683367907562,1.21,4.6,UTA,2025-11-03,0.0,,,,,,,
POR,LAL,0.5538324849125705,1.31,3.6,LAL,2025-11-03,0.0,,,,,,,
NYK,WAS,0.7241969928644688,1.15,5.9,NYK,2025-11-03,1.0,,,,,,,
DEN,SAC,0.7155677281852099,1.17,5.4,DEN,2025-11-03,1.0,,,,,,,
MEM,DET,0.5116766961476504,2.6,1.52,DET,2025-11-03,0.0,,,,,,,
BRK,MIN,0.2987019065839347,3.95,1.27,MIN,2025-11-03,1.0,,,,,,,
IND,MIL,0.5456080787604752,2.85,1.44,MIL,2025-11-03,0.0,,,,,,,
LAC,MIA,0.5799624496213974,1.31,3.6,MIA,2025-11-03,0.0,,,,,,,
HOU,DAL,0.7753343552205606,1.14,6.0,HOU,2025-11-03,1.0,,,,,,,
LAL,MIA,0.644215535665562,1.51,2.64,LAL,2025-11-02,1.0,,,,,,,
CLE,ATL,0.5206512580703963,1.41,3.0,CLE,2025-11-02,1.0,,,,,,,
CHO,UTA,0.5839043500989103,1.83,2.0,CHO,2025-11-02,1.0,,,,,,,
PHO,SAS,0.4600147860823708,2.9,1.43,PHO,2025-11-02,0.0,,,,,,,
NYK,CHI,0.5505220794678681,1.37,3.2,NYK,2025-11-02,1.0,,,,,,,
BRK,PHI,0.4653185378976165,2.7,1.49,PHI,2025-11-02,1.0,,,,,,,
TOR,MEM,0.5141737851662117,1.54,2.54,TOR,2025-11-02,1.0,,,,,,,
OKC,NOP,0.7995394676642023,1.14,6.0,OKC,2025-11-02,1.0,,,,,,,
CHO,MIN,0.6487068804796248,2.8,1.46,MIN,2025-11-01,0.0,,,,,,,
BOS,HOU,0.5435520757893509,2.8,1.46,HOU,2025-11-01,0.0,,,,,,,
DET,DAL,0.661284652318056,1.33,3.45,DET,2025-11-01,1.0,,,,,,,
MIL,SAC,0.652997097583327,1.44,2.85,SAC,2025-11-01,0.0,,,,,,,
IND,GSW,0.579071211353252,4.7,1.21,IND,2025-11-01,1.0,,,,,,,
WAS,ORL,0.236669385025153,3.95,1.27,ORL,2025-11-01,1.0,,,,,,,
PHI,BOS,0.5007377252378408,1.7,2.2,BOS,2025-10-31,0.0,,,,,,,
MEM,LAL,0.551317823857397,1.8,2.05,LAL,2025-10-31,0.0,,,,,,,
CLE,TOR,0.6685391732946139,1.35,3.3,TOR,2025-10-31,0.0,,,,,,,
CHI,NYK,0.6968210291210132,2.6,1.52,CHI,2025-10-31,1.0,,,,,,,
LAC,NOP,0.6401064419763015,1.19,5.0,LAC,2025-10-31,1.0,,,,,,,
PHO,UTA,0.5554960444064578,1.65,2.3,PHO,2025-10-31,1.0,,,,,,,
IND,ATL,0.5884088246940468,2.24,1.68,ATL,2025-10-31,0.0,,,,,,,
POR,DEN,0.5552640205054257,2.7,1.49,POR,2025-10-31,1.0,,,,,,,
MIL,GSW,0.6367808565490992,2.3,1.65,MIL,2025-10-30,1.0,,,,,,,
OKC,WAS,0.7303121018259949,1.09,8.0,OKC,2025-10-30,1.0,,,,,,,
CHO,ORL,0.6841786759261168,2.24,1.68,ORL,2025-10-30,0.0,,,,,,,
SAS,MIA,0.7164390958770491,1.42,2.95,SAS,2025-10-30,1.0,,,,,,,
DET,ORL,0.5129327492872349,1.98,1.85,DET,2025-10-29,1.0,,,,,,,
DEN,NOP,0.6124042184991795,1.14,6.0,DEN,2025-10-29,1.0,,,,,,,
CHI,SAC,0.695061342039007,1.51,2.64,CHI,2025-10-29,1.0,,,,,,,
PHO,MEM,0.5067430714098696,2.02,1.82,MEM,2025-10-29,0.0,,,,,,,
BRK,ATL,0.354995792983917,3.6,1.31,ATL,2025-10-29,1.0,,,,,,,
BOS,CLE,0.6568043780336956,2.45,1.57,BOS,2025-10-29,1.0,,,,,,,
DAL,IND,0.3279269420237086,1.4,3.05,DAL,2025-10-29,0.0,,,,,,,
UTA,POR,0.5420583033237949,2.24,1.68,POR,2025-10-29,0.0,,,,,,,
MIN,LAL,0.4978313353935233,1.37,3.2,LAL,2025-10-29,1.0,,,,,,,
TOR,HOU,0.4134066798759074,2.7,1.49,HOU,2025-10-29,1.0,,,,,,,
GSW,LAC,0.5489562733263578,2.05,1.8,GSW,2025-10-28,1.0,,,,,,,
MIL,NYK,0.6100791721032666,2.05,1.8,MIL,2025-10-28,1.0,,,,,,,
OKC,SAC,0.6956613608047013,1.22,4.5,OKC,2025-10-28,1.0,,,,,,,
WAS,PHI,0.3342717835225763,2.5,1.56,PHI,2025-10-28,1.0,,,,,,,
MIA,CHO,0.6335698262948327,1.44,2.85,MIA,2025-10-28,1.0,,,,,,,
HOU,BRK,0.4805730839885264,1.07,9.0,HOU,2025-10-27,0.0,,,,,,,
PHI,ORL,0.659285394953311,2.9,1.43,PHI,2025-10-27,1.0,,,,,,,
DAL,OKC,0.3106524687964385,3.7,1.29,OKC,2025-10-27,1.0,,,,,,,
CHI,ATL,0.6255320227537459,2.14,1.74,CHI,2025-10-27,1.0,,,,,,,
UTA,PHO,0.5011426492879132,1.85,1.98,UTA,2025-10-27,1.0,,,,,,,
GSW,MEM,0.6635216003488732,1.29,3.7,GSW,2025-10-27,1.0,,,,,,,
MIN,DEN,0.6417247580306555,3.05,1.4,DEN,2025-10-27,0.0,,,,,,,
LAL,POR,0.7267535356091751,2.2,1.7,POR,2025-10-27,0.0,,,,,,,
NOP,BOS,0.3443896899698273,1.74,2.14,BOS,2025-10-27,1.0,,,,,,,
DET,CLE,0.513076019664289,2.2,1.7,CLE,2025-10-27,0.0,,,,,,,
SAS,TOR,0.748654791755525,1.49,2.7,SAS,2025-10-27,1.0,,,,,,,
MIN,IND,0.6837240315306252,1.17,5.4,MIN,2025-10-26,1.0,,,,,,,
DAL,TOR,0.3187522368890158,1.87,1.95,DAL,2025-10-26,0.0,,,,,,,
MIA,NYK,0.5535571090181824,2.2,1.7,MIA,2025-10-26,1.0,,,,,,,
WAS,CHO,0.5290155118953928,1.77,2.1,CHO,2025-10-26,0.0,,,,,,,
DET,BOS,0.5182374162309578,1.51,2.64,DET,2025-10-26,1.0,,,,,,,
SAS,BRK,0.6782102457876245,1.16,5.55,SAS,2025-10-26,1.0,,,,,,,
LAC,POR,0.4940595446935642,1.32,3.5,LAC,2025-10-26,0.0,,,,,,,
SAC,LAL,0.459462502237683,2.24,1.68,LAL,2025-10-26,1.0,,,,,,,
CLE,MIL,0.6196150031502539,1.39,3.1,CLE,2025-10-26,1.0,,,,,,,
ORL,CHI,0.4893812844699602,1.41,3.0,CHI,2025-10-25,1.0,,,,,,,
ATL,OKC,0.5140803937138909,3.5,1.32,OKC,2025-10-25,0.0,,,,,,,
MEM,IND,0.5286262464380135,1.74,2.14,MEM,2025-10-25,1.0,,,,,,,
DEN,PHO,0.682780981492606,1.12,6.75,DEN,2025-10-25,1.0,,,,,,,
PHI,CHO,0.6268269368540074,1.51,2.64,PHI,2025-10-25,1.0,,,,,,,
SAC,UTA,0.3782020573579452,1.83,2.05,SAC,2025-10-24,0.0,,,,,,,
LAL,MIN,0.5743413818589066,2.05,1.81,LAL,2025-10-24,1.0,,,,,,,
HOU,DET,0.5202169222878452,1.95,2.25,DET,2025-10-24,0.0,,,,,,,
POR,GSW,0.4031212023317619,1.68,2.25,POR,2025-10-24,0.0,,,,,,,
NYK,BOS,0.6512124624794146,1.67,2.25,NYK,2025-10-24,1.0,,,,,,,
DAL,WAS,0.3183073897438852,1.24,4.43,WAS,2025-10-24,1.0,,,,,,,
TOR,MIL,0.4861625495813919,1.75,2.2,MIL,2025-10-24,1.0,,,,,,,
BRK,CLE,0.3944473868173287,2.1,1.77,CLE,2025-10-24,1.0,,,,,,,
MEM,MIA,0.5985323798415145,1.71,2.15,MIA,2025-10-24,0.0,,,,,,,
ORL,ATL,0.5996045065044405,1.42,2.94,ATL,2025-10-24,0.0,,,,,,,
NOP,SAS,0.3606290989589318,1.56,2.5,SAS,2025-10-24,1.0,,,,,,,
LAC,PHO,0.3248311083559236,1.23,4.4,LAC,2025-10-24,0.0,,,,,,,
IND,OKC,0.3213069213176888,3.45,1.33,OKC,2025-10-23,1.0,,,,,,,
GSW,DEN,0.3516259026276808,1.77,2.1,GSW,2025-10-23,0.0,,,,,,,
MIL,WAS,0.5747770484434845,1.22,4.4,MIL,2025-10-22,1.0,,,,,,,
MEM,NOP,0.5001195066058592,1.53,2.5,MEM,2025-10-22,1.0,,,,,,,
CHI,DET,0.4555581422788112,2.17,1.81,CHI,2025-10-22,0.0,,,,,,,
UTA,LAC,0.5069791398501519,1.21,4.6,UTA,2025-10-22,1.0,,,,,,,
BOS,PHI,0.4871743630287672,1.6,2.42,PHI,2025-10-22,1.0,,,,,,,
CHO,BRK,0.338739334693389,1.5,2.75,CHO,2025-10-22,0.0,,,,,,,
ORL,MIA,0.3839393472255353,1.33,4.1,ORL,2025-10-22,0.0,,,,,,,
NYK,CLE,0.489762379089478,1.62,2.5,NYK,2025-10-22,0.0,,,,,,,
DAL,SAS,0.2982415129131054,1.95,2.2,SAS,2025-10-22,1.0,,,,,,,
PHO,SAC,0.471660898045118,1.55,2.5,PHO,2025-10-22,0.0,,,,,,,
POR,MIN,0.4301687006041267,2.75,1.6,MIN,2025-10-22,1.0,,,,,,,
ATL,TOR,0.2309843114792933,1.44,2.85,TOR,2025-10-22,1.0,,,,,,,
LAL,GSW,0.3669372941889376,2.1,1.77,GSW,2025-10-21,1.0,,,,,,,
OKC,HOU,0.5314516298892457,1.31,3.6,OKC,2025-10-21,1.0,,,,,,,
