home_team,away_team,home_team_prob,odds_1,odds_2,result,game_date,prob_live_safe,prob_used,blocked_by,run_date,created_utc,source,game_key,stage2_candidate_type,params_chosen,params_compareN,params_used,result_raw,home_team_won,settled,pnl_ml_100,accuracy,prob_iso,prob_iso_insample,prob_iso_oos_time,prob_live_oos_proxy,prob_live_safe_pre_clip,prob_base,source_snapshot_date,pred_home_win_proba,closing_home_odds,closing_away_odds,iso_proba_home_win,live_oos_proxy_ready,live_oos_proxy_train_rows,live_oos_proxy_bin_n,live_oos_proxy_bin_winrate,market_implied_p_raw,market_implied_p_devig,model_market_gap,model_market_gap_flag,live_underdog_upscale_guard_triggered,prob_blended,live_shrink_triggered,implied_prob_1,home_win_rate,EV_€_per_100,engine_state,game_day
HOU,LAL,0.7174920126740585,1.59,2.42,0,2026-05-01,0.5897435897435898,0.5919142274053275,PASS,2026-05-01,2026-05-01T20:32:57.316938+00:00,,2026-05-01__HOU__LAL,LOW_PRICE_NEGATIVE_EV,LOCAL,500.0,"{'home_win_rate_threshold': 0.55, 'odds_min': 1.4, 'odds_max': 3.2, 'prob_threshold': 0.45, 'n_trades': 78, 'win_rate_%': 64.1, 'avg_EV_€_per_100': 30.96, 'profit_€': 2185.0, 'roi_%': 28.01}",0,0.0,False,-100.0,,0.7657657657657657,0.7657657657657657,0.7657657657657657,0.5897435897435898,0.5897435897435898,0.5897435897435898,,0.7174920126740585,1.59,2.42,0.7657657657657657,True,429.0,16.0,0.5897435897435898,0.6289308176100629,0.6034912718204488,-0.013747682076859,False,False,0.5919142274053275,False,0.6289308176100629,0.75,-5.885637842552926,upcoming_d,2026-05-01
ORL,DET,0.6430863420456859,2.36,1.62,0,2026-05-01,0.5897435897435898,0.4479560174893338,PASS,2026-05-01,2026-05-01T20:32:57.316938+00:00,,2026-05-01__ORL__DET,LIVE_WATCH_ONLY,LOCAL,500.0,"{'home_win_rate_threshold': 0.55, 'odds_min': 1.4, 'odds_max': 3.2, 'prob_threshold': 0.45, 'n_trades': 78, 'win_rate_%': 64.1, 'avg_EV_€_per_100': 30.96, 'profit_€': 2185.0, 'roi_%': 28.01}",0,0.0,False,-100.0,,0.676923076923077,0.676923076923077,0.676923076923077,0.5897435897435898,0.5897435897435898,0.5897435897435898,,0.6430863420456859,2.36,1.62,0.676923076923077,True,429.0,17.0,0.5897435897435898,0.423728813559322,0.4070351758793969,0.1827084138641928,True,False,0.4256514535561912,True,0.423728813559322,0.7,5.717620127482781,upcoming_d,2026-05-01
TOR,CLE,0.6293326601071558,2.45,1.57,0,2026-05-01,0.5897435897435898,0.4349443680228938,PASS,2026-05-01,2026-05-01T20:32:57.316938+00:00,,2026-05-01__TOR__CLE,LIVE_WATCH_ONLY,LOCAL,500.0,"{'home_win_rate_threshold': 0.55, 'odds_min': 1.4, 'odds_max': 3.2, 'prob_threshold': 0.45, 'n_trades': 78, 'win_rate_%': 64.1, 'avg_EV_€_per_100': 30.96, 'profit_€': 2185.0, 'roi_%': 28.01}",0,1.0,False,145.00000000000003,,0.676923076923077,0.676923076923077,0.676923076923077,0.5897435897435898,0.5897435897435898,0.5897435897435898,,0.6293326601071558,2.45,1.57,0.676923076923077,True,429.0,17.0,0.5897435897435898,0.4081632653061224,0.390547263681592,0.1991963260619977,True,False,0.4070633828898483,True,0.4081632653061224,0.6,6.561370165609004,upcoming_d,2026-05-01
BOS,PHI,0.6356190940048705,1.38,3.15,0,2026-05-02,0.5879629629629629,0.6422154936404353,PASS,2026-05-02,2026-05-02T18:53:06.400374+00:00,,2026-05-02__BOS__PHI,LOW_PRICE_NEGATIVE_EV,LOCAL,500.0,"{'home_win_rate_threshold': 0.55, 'odds_min': 1.4, 'odds_max': 3.2, 'prob_threshold': 0.5, 'n_trades': 76, 'win_rate_%': 65.79, 'avg_EV_€_per_100': 32.17, 'profit_€': 2330.0, 'roi_%': 30.66}",0,0.0,False,-100.0,,0.6716417910447762,0.6716417910447762,0.6716417910447762,0.5879629629629629,0.5879629629629629,0.5879629629629629,,0.6356190940048705,1.38,3.15,0.6716417910447762,True,432.0,16.0,0.5879629629629629,0.7246376811594204,0.695364238410596,-0.1074012754476331,False,False,0.6673123454593356,True,0.7246376811594204,0.65,-11.37426187761994,upcoming_d,2026-05-02
CLE,TOR,0.5477385964752332,1.34,3.4,0,2026-05-03,0.5866050808314087,0.6630187393373763,PASS,2026-05-03,2026-05-03T18:54:24.275628+00:00,,2026-05-03__CLE__TOR,LOW_PRICE_NEGATIVE_EV,LOCAL,500.0,"{'home_win_rate_threshold': 0.55, 'odds_min': 1.4, 'odds_max': 3.2, 'prob_threshold': 0.5, 'n_trades': 78, 'win_rate_%': 65.38, 'avg_EV_€_per_100': 31.38, 'profit_€': 2300.0, 'roi_%': 29.49}",0,1.0,False,34.00000000000001,,0.5647058823529413,0.5647058823529413,0.5647058823529413,0.5866050808314087,0.5866050808314087,0.5866050808314087,,0.5477385964752332,1.34,3.4,0.5647058823529413,True,433.0,17.0,0.5866050808314087,0.7462686567164178,0.7172995780590716,-0.1306944972276629,False,False,0.6917867521616192,True,0.7462686567164178,0.6,-11.155488928791568,upcoming_d,2026-05-03
DET,ORL,0.7046430554958801,1.31,3.6,0,2026-05-03,0.5866050808314087,0.6782778463273059,PASS,2026-05-03,2026-05-03T18:54:24.275628+00:00,,2026-05-03__DET__ORL,LOW_PRICE_NEGATIVE_EV,LOCAL,500.0,"{'home_win_rate_threshold': 0.55, 'odds_min': 1.4, 'odds_max': 3.2, 'prob_threshold': 0.5, 'n_trades': 78, 'win_rate_%': 65.38, 'avg_EV_€_per_100': 31.38, 'profit_€': 2300.0, 'roi_%': 29.49}",0,1.0,False,31.000000000000007,,0.7589285714285714,0.7589285714285714,0.7589285714285714,0.5866050808314087,0.5866050808314087,0.5866050808314087,,0.7046430554958801,1.31,3.6,0.7589285714285714,True,433.0,20.0,0.5866050808314087,0.7633587786259541,0.7331975560081467,-0.146592475176738,False,False,0.709738642738007,True,0.7633587786259541,0.8,-11.145602131122924,upcoming_d,2026-05-03
NYK,PHI,0.7310961628916552,1.34,3.35,0,2026-05-04,0.5885057471264368,0.659950109138737,PASS,2026-05-04,2026-05-04T19:25:24.894045+00:00,,2026-05-04__NYK__PHI,LOW_PRICE_NEGATIVE_EV,LOCAL,500.0,"{'home_win_rate_threshold': 0.55, 'odds_min': 1.4, 'odds_max': 3.2, 'prob_threshold': 0.45, 'n_trades': 80, 'win_rate_%': 63.75, 'avg_EV_€_per_100': 31.99, 'profit_€': 2230.0, 'roi_%': 27.88}",0,1.0,False,34.00000000000001,,0.7610619469026548,0.7610619469026548,0.7610619469026548,0.5885057471264368,0.5885057471264368,0.5885057471264368,,0.7310961628916552,1.34,3.35,0.7610619469026548,True,435.0,14.0,0.5885057471264368,0.7462686567164178,0.7142857142857143,-0.1257799671592775,False,False,0.6881765989867494,True,0.7462686567164178,0.75,-11.566685375409236,upcoming_d,2026-05-04
SAS,MIN,0.6258727314461987,1.2,4.8,0,2026-05-04,0.5885057471264368,0.7422184754394141,PASS,2026-05-04,2026-05-04T19:25:24.894045+00:00,,2026-05-04__SAS__MIN,NO_VALUE_SKIP,LOCAL,500.0,"{'home_win_rate_threshold': 0.55, 'odds_min': 1.4, 'odds_max': 3.2, 'prob_threshold': 0.45, 'n_trades': 80, 'win_rate_%': 63.75, 'avg_EV_€_per_100': 31.99, 'profit_€': 2230.0, 'roi_%': 27.88}",0,0.0,False,-100.0,,0.6512379371363187,0.6512379371363187,0.6512379371363187,0.5885057471264368,0.5885057471264368,0.5885057471264368,,0.6258727314461987,1.2,4.8,0.6512379371363187,True,435.0,19.0,0.5885057471264368,0.8333333333333334,0.7999999999999999,-0.2114942528735631,False,False,0.7849629122816637,True,0.8333333333333334,0.8,-10.93378294727031,upcoming_d,2026-05-04
DET,CLE,0.6734597224342478,1.68,2.24,0,2026-05-05,0.5881006864988558,0.5849643457354277,PASS,2026-05-05,2026-05-05T19:16:54.780455+00:00,,2026-05-05__DET__CLE,LOW_PRICE_NEGATIVE_EV,LOCAL,500.0,"{'home_win_rate_threshold': 0.55, 'odds_min': 1.4, 'odds_max': 3.2, 'prob_threshold': 0.45, 'n_trades': 80, 'win_rate_%': 63.75, 'avg_EV_€_per_100': 31.89, 'profit_€': 2230.0, 'roi_%': 27.88}",0,1.0,False,68.0,,0.7631578947368421,0.7631578947368421,0.7631578947368421,0.5881006864988558,0.5881006864988558,0.5881006864988558,,0.6734597224342478,1.68,2.24,0.7631578947368421,True,437.0,19.0,0.5881006864988558,0.5952380952380952,0.5714285714285715,0.0166721150702843,False,False,0.5849643457354277,False,0.5952380952380952,0.8,-1.7259899164481562,upcoming_d,2026-05-05
OKC,LAL,0.6930307680720663,1.11,7.0,0,2026-05-05,0.5881006864988558,0.8,PASS,2026-05-05,2026-05-05T19:16:54.780455+00:00,,2026-05-05__OKC__LAL,NO_VALUE_SKIP,LOCAL,500.0,"{'home_win_rate_threshold': 0.55, 'odds_min': 1.4, 'odds_max': 3.2, 'prob_threshold': 0.45, 'n_trades': 80, 'win_rate_%': 63.75, 'avg_EV_€_per_100': 31.89, 'profit_€': 2230.0, 'roi_%': 27.88}",0,1.0,False,11.00000000000001,,0.7631578947368421,0.7631578947368421,0.7631578947368421,0.5881006864988558,0.5881006864988558,0.5881006864988558,,0.6930307680720663,1.11,7.0,0.7631578947368421,True,437.0,18.0,0.5881006864988558,0.9009009009009008,0.8631319358816276,-0.2750312493827718,False,False,0.8542945235772734,True,0.9009009009009008,0.8,-11.199999999999989,upcoming_d,2026-05-05
NYK,PHI,0.8004037291459513,1.24,4.3,0,2026-05-06,0.5899772209567198,0.7193093156944841,PASS,2026-05-06,2026-05-06T19:34:08.709796+00:00,,2026-05-06__NYK__PHI,NO_VALUE_SKIP,LOCAL,500.0,"{'home_win_rate_threshold': 0.55, 'odds_min': 1.4, 'odds_max': 3.2, 'prob_threshold': 0.5, 'n_trades': 78, 'win_rate_%': 65.38, 'avg_EV_€_per_100': 31.68, 'profit_€': 2298.0, 'roi_%': 29.46}",0,1.0,False,24.0,,0.7672413793103449,0.7672413793103449,0.7672413793103449,0.5899772209567198,0.5899772209567198,0.5899772209567198,,0.8004037291459513,1.24,4.3,0.7672413793103449,True,439.0,19.0,0.5899772209567198,0.8064516129032259,0.7761732851985559,-0.1861960642418361,False,False,0.7580109596405695,True,0.8064516129032259,0.75,-10.805644853883978,upcoming_d,2026-05-06
SAS,MIN,0.635260939751383,1.25,4.1,0,2026-05-06,0.5899772209567198,0.7098684118851343,PASS,2026-05-06,2026-05-06T19:34:08.709796+00:00,,2026-05-06__SAS__MIN,NO_VALUE_SKIP,LOCAL,500.0,"{'home_win_rate_threshold': 0.55, 'odds_min': 1.4, 'odds_max': 3.2, 'prob_threshold': 0.5, 'n_trades': 78, 'win_rate_%': 65.38, 'avg_EV_€_per_100': 31.68, 'profit_€': 2298.0, 'roi_%': 29.46}",0,1.0,False,25.0,,0.6617647058823529,0.6617647058823529,0.6617647058823529,0.5899772209567198,0.5899772209567198,0.5899772209567198,,0.635260939751383,1.25,4.1,0.6617647058823529,True,439.0,12.0,0.5899772209567198,0.8,0.7663551401869159,-0.176377919230196,False,False,0.7469040139825109,True,0.8,0.8,-11.26644851435822,upcoming_d,2026-05-06
DET,CLE,0.6994904871583444,1.62,2.36,0,2026-05-07,0.5918367346938775,0.5918525303856201,PASS,2026-05-07,2026-05-07T19:35:58.770402+00:00,,2026-05-07__DET__CLE,LOW_PRICE_NEGATIVE_EV,LOCAL,500.0,"{'home_win_rate_threshold': 0.55, 'odds_min': 1.4, 'odds_max': 3.2, 'prob_threshold': 0.5, 'n_trades': 78, 'win_rate_%': 65.38, 'avg_EV_€_per_100': 31.8, 'profit_€': 2298.0, 'roi_%': 29.46}",0,1.0,False,62.000000000000014,,0.7678571428571429,0.7678571428571429,0.7678571428571429,0.5918367346938775,0.5918367346938775,0.5918367346938775,,0.6994904871583444,1.62,2.36,0.7678571428571429,True,441.0,16.0,0.5918367346938775,0.6172839506172839,0.5929648241206029,-0.0011280894267253,False,False,0.5918525303856201,False,0.6172839506172839,0.8,-4.119890077529531,upcoming_d,2026-05-07
OKC,LAL,0.7269045161237182,1.11,7.0,0,2026-05-07,0.5918367346938775,0.8,PASS,2026-05-07,2026-05-07T19:35:58.770402+00:00,,2026-05-07__OKC__LAL,NO_VALUE_SKIP,LOCAL,500.0,"{'home_win_rate_threshold': 0.55, 'odds_min': 1.4, 'odds_max': 3.2, 'prob_threshold': 0.5, 'n_trades': 78, 'win_rate_%': 65.38, 'avg_EV_€_per_100': 31.8, 'profit_€': 2298.0, 'roi_%': 29.46}",0,1.0,False,11.00000000000001,,0.7678571428571429,0.7678571428571429,0.7678571428571429,0.5918367346938775,0.5918367346938775,0.5918367346938775,,0.7269045161237182,1.11,7.0,0.7678571428571429,True,441.0,14.0,0.5918367346938775,0.9009009009009008,0.8631319358816276,-0.2712952011877501,False,False,0.8539978098161619,True,0.9009009009009008,0.8,-11.199999999999989,upcoming_d,2026-05-07
MIN,SAS,0.4318640639020063,2.7,1.49,0,2026-05-08,0.5936794582392777,0.4074255166617725,PASS,2026-05-08,2026-05-08T22:44:22.588513+00:00,,2026-05-08__MIN__SAS,LIVE_WATCH_ONLY,LOCAL,500.0,"{'home_win_rate_threshold': 0.55, 'odds_min': 1.4, 'odds_max': 3.2, 'prob_threshold': 0.45, 'n_trades': 83, 'win_rate_%': 65.06, 'avg_EV_€_per_100': 31.53, 'profit_€': 2505.0, 'roi_%': 30.18}",0,0.0,False,-100.0,,0.4691358024691358,0.4691358024691358,0.4691358024691358,0.5936794582392777,0.5936794582392777,0.5936794582392777,,0.4318640639020063,2.7,1.49,0.4691358024691358,True,443.0,18.0,0.5936794582392777,0.3703703703703703,0.3556085918854415,0.2380708663538361,True,False,0.3677507380882464,True,0.3703703703703703,0.65,10.004889498678594,upcoming_d,2026-05-08
PHI,NYK,0.4822008581460796,1.82,2.02,0,2026-05-08,0.5936794582392777,0.5550822558698004,PASS,2026-05-08,2026-05-08T22:44:22.588513+00:00,,2026-05-08__PHI__NYK,LIVE_WATCH_ONLY,LOCAL,500.0,"{'home_win_rate_threshold': 0.55, 'odds_min': 1.4, 'odds_max': 3.2, 'prob_threshold': 0.45, 'n_trades': 83, 'win_rate_%': 65.06, 'avg_EV_€_per_100': 31.53, 'profit_€': 2505.0, 'roi_%': 30.18}",0,0.0,False,-100.0,,0.4691358024691358,0.4691358024691358,0.4691358024691358,0.5936794582392777,0.5936794582392777,0.5936794582392777,,0.4822008581460796,1.82,2.02,0.4691358024691358,True,443.0,10.0,0.5936794582392777,0.5494505494505494,0.5260416666666667,0.0676377915726109,False,False,0.5550822558698004,False,0.5494505494505494,0.55,1.0249705683036847,upcoming_d,2026-05-08
CLE,DET,0.4752726450328301,1.56,2.5,0,2026-05-09,0.5910112359550562,0.5975982143602514,PASS,2026-05-09,2026-05-09T18:56:38.345693+00:00,,2026-05-09__CLE__DET,LOW_PRICE_NEGATIVE_EV,LOCAL,500.0,"{'home_win_rate_threshold': 0.55, 'odds_min': 1.4, 'odds_max': 3.2, 'prob_threshold': 0.5, 'n_trades': 77, 'win_rate_%': 66.23, 'avg_EV_€_per_100': 32.04, 'profit_€': 2330.0, 'roi_%': 30.26}",0,1.0,False,56.00000000000001,,0.4571428571428571,0.4571428571428571,0.4571428571428571,0.5910112359550562,0.5910112359550562,0.5910112359550562,,0.4752726450328301,1.56,2.5,0.4571428571428571,True,445.0,14.0,0.5910112359550562,0.641025641025641,0.6157635467980296,-0.0247523108429733,False,False,0.5975982143602514,False,0.641025641025641,0.6,-6.774678559800773,upcoming_d,2026-05-09
LAL,OKC,0.2861736995465562,3.95,1.27,0,2026-05-09,0.5910112359550562,0.35,PASS,2026-05-09,2026-05-09T18:56:38.345693+00:00,,2026-05-09__LAL__OKC,LIVE_WATCH_ONLY,LOCAL,500.0,"{'home_win_rate_threshold': 0.55, 'odds_min': 1.4, 'odds_max': 3.2, 'prob_threshold': 0.5, 'n_trades': 77, 'win_rate_%': 66.23, 'avg_EV_€_per_100': 32.04, 'profit_€': 2330.0, 'roi_%': 30.26}",0,0.0,False,-100.0,,0.217391304347826,0.217391304347826,0.217391304347826,0.5910112359550562,0.5910112359550562,0.5910112359550562,,0.2861736995465562,3.95,1.27,0.217391304347826,True,445.0,17.0,0.5910112359550562,0.2531645569620253,0.2432950191570881,0.3477162167979681,True,False,0.2477988753796117,True,0.2531645569620253,0.6,38.25000000000001,upcoming_d,2026-05-09
MIN,SAS,0.5416807642957132,2.6,1.52,0,2026-05-10,0.5906040268456376,0.4179669694328164,PASS,2026-05-10,2026-05-10T18:57:45.670658+00:00,,2026-05-10__MIN__SAS,LIVE_WATCH_ONLY,LOCAL,500.0,"{'home_win_rate_threshold': 0.55, 'odds_min': 1.4, 'odds_max': 3.2, 'prob_threshold': 0.5, 'n_trades': 78, 'win_rate_%': 66.67, 'avg_EV_€_per_100': 32.02, 'profit_€': 2460.0, 'roi_%': 31.54}",0,1.0,False,160.0,,0.5697674418604651,0.5697674418604651,0.5697674418604651,0.5906040268456376,0.5906040268456376,0.5906040268456376,,0.5416807642957132,2.6,1.52,0.5697674418604651,True,447.0,18.0,0.5906040268456376,0.3846153846153846,0.3689320388349514,0.2216719880106862,True,False,0.3828099563325949,True,0.3846153846153846,0.65,8.671412052532279,upcoming_d,2026-05-10
PHI,NYK,0.442726603912224,2.0,1.83,0,2026-05-10,0.5906040268456376,0.5053464272839054,PASS,2026-05-10,2026-05-10T18:57:45.670658+00:00,,2026-05-10__PHI__NYK,LIVE_WATCH_ONLY,LOCAL,500.0,"{'home_win_rate_threshold': 0.55, 'odds_min': 1.4, 'odds_max': 3.2, 'prob_threshold': 0.5, 'n_trades': 78, 'win_rate_%': 66.67, 'avg_EV_€_per_100': 32.02, 'profit_€': 2460.0, 'roi_%': 31.54}",0,0.0,False,-100.0,,0.4642857142857143,0.4642857142857143,0.4642857142857143,0.5906040268456376,0.5906040268456376,0.5906040268456376,,0.442726603912224,2.0,1.83,0.4642857142857143,True,447.0,17.0,0.5906040268456376,0.5,0.4778067885117493,0.1127972383338882,False,False,0.5053464272839054,False,0.5,0.55,1.0692854567810883,upcoming_d,2026-05-10
CLE,DET,0.5993057861280123,1.6,2.4,0,2026-05-11,0.5902004454342984,0.5913302279373693,PASS,2026-05-11,2026-05-11T19:36:10.016798+00:00,,2026-05-11__CLE__DET,LOW_PRICE_NEGATIVE_EV,LOCAL,500.0,"{'home_win_rate_threshold': 0.55, 'odds_min': 1.4, 'odds_max': 3.2, 'prob_threshold': 0.5, 'n_trades': 79, 'win_rate_%': 67.09, 'avg_EV_€_per_100': 32.34, 'profit_€': 2620.0, 'roi_%': 33.16}",0,1.0,False,60.00000000000001,,0.625,0.625,0.625,0.5902004454342984,0.5902004454342984,0.5902004454342984,,0.5993057861280123,1.6,2.4,0.625,True,449.0,17.0,0.5902004454342984,0.625,0.6,-0.0097995545657015,False,False,0.5913302279373693,False,0.625,0.6,-5.387163530020899,upcoming_d,2026-05-11
LAL,OKC,0.3559882562539441,5.25,1.17,0,2026-05-11,0.5902004454342984,0.35,PASS,2026-05-11,2026-05-11T19:36:10.016798+00:00,,2026-05-11__LAL__OKC,LIVE_WATCH_ONLY,LOCAL,500.0,"{'home_win_rate_threshold': 0.55, 'odds_min': 1.4, 'odds_max': 3.2, 'prob_threshold': 0.5, 'n_trades': 79, 'win_rate_%': 67.09, 'avg_EV_€_per_100': 32.34, 'profit_€': 2620.0, 'roi_%': 33.16}",0,0.0,False,-100.0,,0.3397539027051713,0.3397539027051713,0.3397539027051713,0.5902004454342984,0.5902004454342984,0.5902004454342984,,0.3559882562539441,5.25,1.17,0.3397539027051713,True,449.0,19.0,0.5902004454342984,0.1904761904761904,0.1822429906542056,0.4079574547800928,True,False,0.1847315269552139,True,0.1904761904761904,0.6,83.74999999999999,upcoming_d,2026-05-11
SAS,MIN,0.7140227195875563,1.26,4.0,0,2026-05-12,0.5898004434589801,0.7042046349432496,PASS,2026-05-12,2026-05-12T19:46:45.654792+00:00,,2026-05-12__SAS__MIN,NO_VALUE_SKIP,LOCAL,500.0,"{'home_win_rate_threshold': 0.55, 'odds_min': 1.4, 'odds_max': 3.2, 'prob_threshold': 0.5, 'n_trades': 80, 'win_rate_%': 67.5, 'avg_EV_€_per_100': 31.85, 'profit_€': 2680.0, 'roi_%': 33.5}",0,1.0,False,26.0,,0.7719298245614035,0.7719298245614035,0.7719298245614035,0.5898004434589801,0.5898004434589801,0.5898004434589801,,0.7140227195875563,1.26,4.0,0.7719298245614035,True,451.0,17.0,0.5898004434589801,0.7936507936507936,0.7604562737642586,-0.1706558303052785,False,False,0.7402407469920583,True,0.7936507936507936,0.8,-11.270215997150556,upcoming_d,2026-05-12
DET,CLE,0.5975148567099581,1.56,2.5,0,2026-05-13,0.5907079646017699,0.5974452228516435,PASS,2026-05-13,2026-05-13T19:51:22.073878+00:00,,2026-05-13__DET__CLE,LOW_PRICE_NEGATIVE_EV,LOCAL,500.0,"{'home_win_rate_threshold': 0.55, 'odds_min': 1.4, 'odds_max': 3.2, 'prob_threshold': 0.45, 'n_trades': 86, 'win_rate_%': 65.12, 'avg_EV_€_per_100': 31.31, 'profit_€': 2625.0, 'roi_%': 30.52}",0,0.0,False,-100.0,,0.6167617397675056,0.6167617397675056,0.6167617397675056,0.5907079646017699,0.5907079646017699,0.5907079646017699,,0.5975148567099581,1.56,2.5,0.6167617397675056,True,452.0,13.0,0.5907079646017699,0.641025641025641,0.6157635467980296,-0.0250555821962596,False,False,0.5974452228516435,False,0.641025641025641,0.8,-6.798545235143616,upcoming_d,2026-05-13
CLE,DET,0.587796851001231,1.56,2.5,0,2026-05-15,0.5894039735099338,0.5968034451964557,PASS,2026-05-15,2026-05-15T19:27:23.751062+00:00,,2026-05-15__CLE__DET,LOW_PRICE_NEGATIVE_EV,LOCAL,500.0,"{'home_win_rate_threshold': 0.55, 'odds_min': 1.4, 'odds_max': 3.2, 'prob_threshold': 0.5, 'n_trades': 81, 'win_rate_%': 66.67, 'avg_EV_€_per_100': 31.48, 'profit_€': 2580.0, 'roi_%': 31.85}",0,0.0,False,-100.0,,0.5714285714285714,0.5714285714285714,0.5714285714285714,0.5894039735099338,0.5894039735099338,0.5894039735099338,,0.587796851001231,1.56,2.5,0.5714285714285714,True,453.0,11.0,0.5894039735099338,0.641025641025641,0.6157635467980296,-0.0263595732880957,False,False,0.5968034451964557,False,0.641025641025641,0.6,-6.898662549352908,upcoming_d,2026-05-15
MIN,SAS,0.472769605367679,2.6,1.52,0,2026-05-15,0.5894039735099338,0.4180604065860264,PASS,2026-05-15,2026-05-15T19:27:23.751062+00:00,,2026-05-15__MIN__SAS,LIVE_WATCH_ONLY,LOCAL,500.0,"{'home_win_rate_threshold': 0.55, 'odds_min': 1.4, 'odds_max': 3.2, 'prob_threshold': 0.5, 'n_trades': 81, 'win_rate_%': 66.67, 'avg_EV_€_per_100': 31.48, 'profit_€': 2580.0, 'roi_%': 31.85}",0,0.0,False,-100.0,,0.4583333333333333,0.4583333333333333,0.4583333333333333,0.5894039735099338,0.5894039735099338,0.5894039735099338,,0.472769605367679,2.6,1.52,0.4583333333333333,True,453.0,19.0,0.5894039735099338,0.3846153846153846,0.3689320388349514,0.2204719346749823,True,False,0.3829434379800377,True,0.3846153846153846,0.65,8.695705712366863,upcoming_d,2026-05-15
DET,CLE,0.7123255374894241,1.56,2.5,0,2026-05-17,0.5868131868131868,0.5956034924539026,PASS,2026-05-17,2026-05-17T19:04:15.033102+00:00,,2026-05-17__DET__CLE,LOW_PRICE_NEGATIVE_EV,LOCAL,500.0,"{'home_win_rate_threshold': 0.55, 'odds_min': 1.4, 'odds_max': 3.2, 'prob_threshold': 0.5, 'n_trades': 79, 'win_rate_%': 67.09, 'avg_EV_€_per_100': 32.04, 'profit_€': 2550.0, 'roi_%': 32.28}",0,0.0,False,-100.0,,0.7739130434782608,0.7739130434782608,0.7739130434782608,0.5868131868131868,0.5868131868131868,0.5868131868131868,,0.7123255374894241,1.56,2.5,0.7739130434782608,True,455.0,15.0,0.5868131868131868,0.641025641025641,0.6157635467980296,-0.0289503599848427,False,False,0.5956034924539026,False,0.641025641025641,0.8,-7.08585517719118,upcoming_d,2026-05-17
OKC,SAS,0.6508554620781105,1.41,3.0,0,2026-05-18,0.5855263157894737,0.628591663071408,PASS,2026-05-18,2026-05-18T21:15:28.001206+00:00,,2026-05-18__OKC__SAS,LOW_PRICE_NEGATIVE_EV,LOCAL,500.0,"{'home_win_rate_threshold': 0.55, 'odds_min': 1.4, 'odds_max': 3.2, 'prob_threshold': 0.5, 'n_trades': 81, 'win_rate_%': 66.67, 'avg_EV_€_per_100': 31.73, 'profit_€': 2580.0, 'roi_%': 31.85}",0,0.0,False,-100.0,,0.6666666666666666,0.6666666666666666,0.6666666666666666,0.5855263157894737,0.5855263157894737,0.5855263157894737,,0.6508554620781105,1.41,3.0,0.6666666666666666,True,456.0,19.0,0.5855263157894737,0.7092198581560284,0.6802721088435374,-0.0947457930540637,False,False,0.6512843094957741,True,0.7092198581560284,0.8,-11.368575506931478,upcoming_d,2026-05-18
NYK,CLE,0.7289823929910528,1.38,3.15,0,2026-05-19,0.5842450765864332,0.6425103354505781,PASS,2026-05-19,2026-05-19T19:51:50.334175+00:00,,2026-05-19__NYK__CLE,LOW_PRICE_NEGATIVE_EV,LOCAL,500.0,"{'home_win_rate_threshold': 0.55, 'odds_min': 1.4, 'odds_max': 3.2, 'prob_threshold': 0.5, 'n_trades': 82, 'win_rate_%': 65.85, 'avg_EV_€_per_100': 31.27, 'profit_€': 2480.0, 'roi_%': 30.24}",0,1.0,False,37.999999999999986,,0.7672413793103449,0.7672413793103449,0.7672413793103449,0.5842450765864332,0.5842450765864332,0.5842450765864332,,0.7289823929910528,1.38,3.15,0.7672413793103449,True,457.0,20.0,0.5842450765864332,0.7246376811594204,0.695364238410596,-0.1111191618241628,False,False,0.6676592181771508,True,0.7246376811594204,0.75,-11.33357370782022,upcoming_d,2026-05-19
OKC,SAS,0.6544262637825491,1.42,2.95,0,2026-05-20,0.5851528384279476,0.6239594283635093,PASS,2026-05-20,2026-05-20T20:11:20.100648+00:00,,2026-05-20__OKC__SAS,LOW_PRICE_NEGATIVE_EV,LOCAL,500.0,"{'home_win_rate_threshold': 0.55, 'odds_min': 1.4, 'odds_max': 3.2, 'prob_threshold': 0.5, 'n_trades': 80, 'win_rate_%': 66.25, 'avg_EV_€_per_100': 31.9, 'profit_€': 2450.0, 'roi_%': 30.63}",0,1.0,False,41.99999999999999,,0.6571428571428571,0.6571428571428571,0.6571428571428571,0.5851528384279476,0.5851528384279476,0.5851528384279476,,0.6544262637825491,1.42,2.95,0.6571428571428571,True,458.0,14.0,0.5851528384279476,0.7042253521126761,0.6750572082379863,-0.0899043698100386,False,False,0.6458346216041285,True,0.7042253521126761,0.8,-11.397761172381692,upcoming_d,2026-05-20
NYK,CLE,0.8057157882174971,1.44,2.85,0,2026-05-21,0.5860566448801743,0.6146753847444645,PASS,2026-05-21,2026-05-21T18:59:37.305175+00:00,,2026-05-21__NYK__CLE,LOW_PRICE_NEGATIVE_EV,LOCAL,500.0,"{'home_win_rate_threshold': 0.55, 'odds_min': 1.4, 'odds_max': 3.2, 'prob_threshold': 0.5, 'n_trades': 81, 'win_rate_%': 66.67, 'avg_EV_€_per_100': 31.49, 'profit_€': 2580.0, 'roi_%': 31.85}",0,1.0,False,43.99999999999999,,0.8,0.8,0.8,0.5860566448801743,0.5860566448801743,0.5860566448801743,,0.8057157882174971,1.44,2.85,0.8,True,459.0,21.0,0.5860566448801743,0.6944444444444444,0.6643356643356644,-0.0782790194554901,False,False,0.6349122173464288,True,0.6944444444444444,0.75,-11.486744596797116,upcoming_d,2026-05-21
CLE,NYK,0.5178619054134634,1.74,2.14,0,2026-05-23,0.5861111111111111,0.5739848079369476,PASS,2026-05-23,2026-05-23T20:31:34.119824+00:00,,2026-05-23__CLE__NYK,NO_VALUE_SKIP,LOCAL,500.0,"{'home_win_rate_threshold': 0.6, 'odds_min': 2.0, 'odds_max': 3.2, 'prob_threshold': 0.5, 'n_trades': 25, 'win_rate_%': 76.0, 'avg_EV_€_per_100': 53.27, 'profit_€': 2003.0, 'roi_%': 80.12}",0,0.0,False,-100.0,,0.5591397849462365,0.5591397849462365,0.5591397849462365,0.5861111111111111,0.5861111111111111,0.5861111111111111,,0.5178619054134634,1.74,2.14,0.5591397849462365,True,360.0,20.0,0.5861111111111111,0.5747126436781609,0.5515463917525772,0.0345647193585338,False,False,0.5739848079369476,False,0.5747126436781609,0.6,-0.1266434189711174,upcoming_d,2026-05-23
SAS,OKC,0.6323283863527234,1.62,2.36,0,2026-05-28,0.585635359116022,0.5862770291862628,PASS,2026-05-28,2026-05-28T18:51:11.753982+00:00,,2026-05-28__SAS__OKC,LOW_PRICE_NEGATIVE_EV,LOCAL,500.0,"{'home_win_rate_threshold': 0.55, 'odds_min': 1.1, 'odds_max': 3.2, 'prob_threshold': 0.5, 'n_trades': 64, 'win_rate_%': 68.75, 'avg_EV_€_per_100': 29.46, 'profit_€': 2103.0, 'roi_%': 32.86}",0,1.0,False,62.000000000000014,,0.6440677966101694,0.6440677966101694,0.6440677966101694,0.585635359116022,0.585635359116022,0.585635359116022,,0.6323283863527234,1.62,2.36,0.6440677966101694,True,362.0,13.0,0.585635359116022,0.6172839506172839,0.5929648241206029,-0.0073294650045808,False,False,0.5862770291862628,False,0.6172839506172839,0.8,-5.023121271825426,upcoming_d,2026-05-28
OKC,SAS,0.5681413221307196,1.62,2.36,0,2026-05-30,0.5736040609137056,0.5777656823647245,PASS,2026-05-30,2026-05-30T17:37:40.910746+00:00,,2026-05-30__OKC__SAS,LOW_PRICE_NEGATIVE_EV,LOCAL,500.0,"{'home_win_rate_threshold': 0.55, 'odds_min': 1.6, 'odds_max': 3.2, 'prob_threshold': 0.45, 'n_trades': 58, 'win_rate_%': 68.97, 'avg_EV_€_per_100': 32.48, 'profit_€': 2601.0, 'roi_%': 44.84}",0,0.0,False,-100.0,,0.5544554455445545,0.5544554455445545,0.5544554455445545,0.5736040609137056,0.5736040609137056,0.5736040609137056,,0.5681413221307196,1.62,2.36,0.5544554455445545,True,394.0,16.0,0.5736040609137056,0.6172839506172839,0.5929648241206029,-0.0193607632068972,False,False,0.5777656823647245,False,0.6172839506172839,0.85,-6.40195945691463,upcoming_d,2026-05-30
SAS,NYK,0.6221537922315877,1.51,2.64,0,2026-06-03,0.5721518987341773,0.5912799552489153,PASS,2026-06-03,2026-06-03T20:05:25.406044+00:00,,2026-06-03__SAS__NYK,LOW_PRICE_NEGATIVE_EV,LOCAL,500.0,"{'home_win_rate_threshold': 0.55, 'odds_min': 1.6, 'odds_max': 3.2, 'prob_threshold': 0.45, 'n_trades': 59, 'win_rate_%': 67.8, 'avg_EV_€_per_100': 31.99, 'profit_€': 2501.0, 'roi_%': 42.39}",0,0.0,False,-100.0,,0.6333333333333333,0.6333333333333333,0.6333333333333333,0.5721518987341773,0.5721518987341773,0.5721518987341773,,0.6221537922315877,1.51,2.64,0.6333333333333333,True,395.0,14.0,0.5721518987341773,0.6622516556291391,0.6361445783132531,-0.0639926795790758,False,False,0.6073881826457828,True,0.6622516556291391,0.85,-10.716726757413786,upcoming_d,2026-06-03
SAS,NYK,0.6166289078919056,1.44,2.85,0,2026-06-05,0.5707070707070707,0.6149938043245515,PASS,2026-06-05,2026-06-05T18:19:59.998088+00:00,,2026-06-05__SAS__NYK,LOW_PRICE_NEGATIVE_EV,LOCAL,500.0,"{'home_win_rate_threshold': 0.55, 'odds_min': 1.6, 'odds_max': 3.2, 'prob_threshold': 0.45, 'n_trades': 58, 'win_rate_%': 67.24, 'avg_EV_€_per_100': 31.61, 'profit_€': 2301.0, 'roi_%': 39.67}",0,0.0,False,-100.0,,0.6129032258064516,0.6129032258064516,0.6129032258064516,0.5707070707070707,0.5707070707070707,0.5707070707070707,,0.6166289078919056,1.44,2.85,0.6129032258064516,True,396.0,16.0,0.5707070707070707,0.6944444444444444,0.6643356643356644,-0.0936285936285936,False,False,0.6352868286171194,True,0.6944444444444444,0.85,-11.440892177264583,upcoming_d,2026-06-05
NYK,SAS,0.7867206463983442,1.74,2.14,0,2026-06-08,0.5692695214105793,0.5657476621629647,PASS,2026-06-08,2026-06-08T18:43:25.735054+00:00,,2026-06-08__NYK__SAS,NO_VALUE_SKIP,LOCAL,500.0,"{'home_win_rate_threshold': 0.55, 'odds_min': 1.6, 'odds_max': 3.2, 'prob_threshold': 0.45, 'n_trades': 58, 'win_rate_%': 68.97, 'avg_EV_€_per_100': 32.09, 'profit_€': 2666.0, 'roi_%': 45.97}",0,0.0,False,-100.0,,0.7169811320754716,0.7169811320754716,0.7169811320754716,0.5692695214105793,0.5692695214105793,0.5692695214105793,,0.7867206463983442,1.74,2.14,0.7169811320754716,True,397.0,17.0,0.5692695214105793,0.5747126436781609,0.5515463917525772,0.017723129658002,False,False,0.5657476621629647,False,0.5747126436781609,0.8,-1.5599067836441494,upcoming_d,2026-06-08
NYK,SAS,0.7325589044334968,1.8,2.05,0,2026-06-10,0.5678391959798995,0.5551993418947035,PASS,2026-06-10,2026-06-10T18:50:11.386917+00:00,,2026-06-10__NYK__SAS,NO_VALUE_SKIP,LOCAL,500.0,"{'home_win_rate_threshold': 0.65, 'odds_min': 2.0, 'odds_max': 3.2, 'prob_threshold': 0.45, 'n_trades': 21, 'win_rate_%': 90.48, 'avg_EV_€_per_100': 46.45, 'profit_€': 2500.0, 'roi_%': 119.05}",0,,False,,,0.7102803738317757,0.7102803738317757,0.7102803738317757,0.5678391959798995,0.5678391959798995,0.5678391959798995,,0.7325589044334968,1.8,2.05,0.7102803738317757,True,398.0,16.0,0.5678391959798995,0.5555555555555556,0.5324675324675325,0.03537166351236698,False,False,0.5551993418947035,False,0.5555555555555556,0.8,-0.064118458953355,upcoming_d,2026-06-10
