game_key,game_date,home_team,away_team,canonical_decision,watch_label,engine_state,paper_only,execution_enabled,rules_passed,blocked_by,as_of_utc,input_as_of_utc,tipoff_utc,prob_base,prob_used,ev_per_100,model_market_gap,model_market_gap_guard
2026-10-20__BOS__NYK,2026-10-20,BOS,NYK,NO_BET,PASS_FILTERS_ONLY,NO_BET,True,False,4,['ENGINE_NO_BET'],2026-10-20T12:00:01+00:00,2026-10-20T11:00:00Z,2026-10-20T23:00:00Z,0.63,0.593018173967737,0.8130895745152911,0.06589743589743591,False
2026-10-20__LAL__GSW,2026-10-20,LAL,GSW,NO_BET,DATA_INCOMPLETE,NO_BET,True,False,0,['STALE_OR_FUTURE_INPUT'],2026-10-20T12:00:01+00:00,2026-10-18T11:00:00Z,2026-10-20T23:00:00Z,,,,,
2026-10-20__DAL__PHX,2026-10-20,DAL,PHX,NO_BET,DATA_INCOMPLETE,NO_BET,True,False,0,['MISSING_OR_INVALID_TIMESTAMPS'],2026-10-20T12:00:01+00:00,2026-10-20T11:00:00Z,2026-10-20T23:00:00,,,,,
2026-10-20__MIA__ORL,2026-10-20,MIA,ORL,NO_BET,DATA_INCOMPLETE,NO_BET,True,False,0,['PLAYED_STATUS_NOT_CONFIRMED'],2026-10-20T12:00:01+00:00,2026-10-20T11:00:00Z,2026-10-20T23:00:00Z,,,,,
2026-10-20__MIL__CHI,2026-10-20,MIL,CHI,NO_BET,DATA_INCOMPLETE,NO_BET,True,False,0,['OUTSIDE_PREGAME_WINDOW'],2026-10-20T12:00:01+00:00,2026-10-20T11:00:00Z,2026-10-22T01:00:02Z,,,,,
2026-10-20__DEN__UTA,2026-10-20,DEN,UTA,NO_BET,DATA_INCOMPLETE,NO_BET,True,False,0,['DATA_INCOMPLETE'],2026-10-20T12:00:01+00:00,2026-10-20T11:00:00Z,2026-10-20T23:00:00Z,,,,,
2026-10-20__SAC__POR,2026-10-20,SAC,POR,NO_BET,DATA_INCOMPLETE,NO_BET,True,False,0,['GAME_STARTED'],2026-10-20T12:00:01+00:00,2026-10-20T11:00:00Z,2026-10-20T11:30:00Z,,,,,
2026-10-20__TOR__CLE,2026-10-20,TOR,CLE,NO_BET,DATA_INCOMPLETE,NO_BET,True,False,0,['STALE_OR_FUTURE_INPUT'],2026-10-20T12:00:01+00:00,2026-10-20T13:00:00Z,2026-10-20T23:00:00Z,,,,,
2026-10-20__ATL__WAS,2026-10-20,ATL,WAS,NO_BET,DATA_INCOMPLETE,NO_BET,True,False,0,"['STALE_OR_FUTURE_INPUT', 'POSTGAME_INPUT']",2026-10-20T12:00:01+00:00,2026-10-20T13:31:00Z,2026-10-20T13:30:00Z,,,,,
2026-10-20__HOU__SAS,2026-10-20,HOU,SAS,NO_BET,DATA_INCOMPLETE,NO_BET,True,False,0,['INVALID_PROBABILITY'],2026-10-20T12:00:01+00:00,2026-10-20T11:00:00Z,2026-10-20T23:00:00Z,,,,,
